"year","trial_name","trial_type","plot_width","plot_length","plant_date","harvest_date","location","accession_name_syn","plot_name","rep_number","plot_number","row_number","col_number","check_test","notes","accession_name","check_released","latitude","longitude","altitude","department","country","ag_zone","location_short","WAB_20min_10mon","WAB_30min_10mon","carotenoidtotal","betacarotenoid_nirs","branch_number","CBB_3mon","DM_gravity","DM_nirs","height_1st_branch","yield_ha","harvest_number_plan","germination_perc","yield_ha_v2","DM_yield_ha","root_weight_plot","frogskin1_5","vigor1_5","lodging1_3","root_number_commercial","root_weight_commercial","stake_plant","planted_number_plot","plant_type","height","height_wt_leaf","harvest_number","root_skin_color1_3","root_constriction1_3","root_type1_5","root_length1_3","root_number","root_weight_air","root_weight_water","root_rot_number","germinated_number_plot","root_peduncle1_3","root_shape1_6","thrips1_5","carotenoid1_8"
2022,"202224BCEAR_cere","202224BCEAR_cere",4.8,3.5,"2022-June-03","2023-April-10","Cerete. Cordoba, Colombia",NA,"202224BCEAR_cere_rep1_CG1141-1_1",1,1,1,1,"check"," (Operator: lizbethpino, Time: )","CG1141-1_is_Costena","check_released",8.916666667,-76,101,"Cordoba","Colombia","Subhumid lowland tropics","cere",NA,NA,2.3,1.9,0,1,38.6960317460317,39.3,160,22.1230158730159,6,95,22.1230158730159,8.56072924540185,11.15,1,4,1,15,6.4,10,20,3,160,40,5,3,2,3,2,NA,2950,367,28,19,1,3,1,1
2022,"202224BCEAR_cere","202224BCEAR_cere",4.8,3.5,"2022-June-03","2023-April-10","Cerete. Cordoba, Colombia",NA,"202224BCEAR_cere_rep1_CG1141-1_25",1,25,7,1,"check"," (Operator: lizbethpino, Time: )","CG1141-1_is_Costena","check_released",8.916666667,-76,101,"Cordoba","Colombia","Subhumid lowland tropics","cere",NA,NA,NA,NA,0,1,37.9174091441969,NA,140,25,6,100,25,9.47935228604923,12.6,1,5,1,15,6.6,8,20,2,140,40,6,3,1,2,1,NA,4850,585,37,20,1,2,1,1
2022,"202224BCEAR_cere","202224BCEAR_cere",4.8,3.5,"2022-June-03","2023-April-10","Cerete. Cordoba, Colombia",NA,"202224BCEAR_cere_rep1_CM4919-1_24",1,24,6,1,"check"," (Operator: lizbethpino, Time: )","CM4919-1_is_Veronica","check_released",8.916666667,-76,101,"Cordoba","Colombia","Subhumid lowland tropics","cere",3.3,4.4,3.8,2.1,0,1,38.1076100628931,38.3,160,26.6865079365079,6,100,26.6865079365079,10.1695903838475,13.45,1,5,1,15,8.9,6,20,2,160,50,6,3,1,2,3,NA,4525,550,16,20,1,3,1,4
2022,"202224BCEAR_cere","202224BCEAR_cere",4.8,3.5,"2022-June-03","2023-April-10","Cerete. Cordoba, Colombia",NA,"202224BCEAR_cere_rep1_COL2215_22",1,22,6,3,"check"," (Operator: lizbethpino, Time: )","COL2215_is_Venezolana","check_released",8.916666667,-76,101,"Cordoba","Colombia","Subhumid lowland tropics","cere",NA,NA,NA,NA,5,1,37.0808239010266,NA,80,29.0674603174603,6,100,29.0674603174603,10.7784537728182,14.65,1,5,1,14,9.9,6,20,3,340,20,6,3,1,1,3,NA,4300,501,23,20,2,3,2,1
2022,"202224BCEAR_cere","202224BCEAR_cere",4.8,3.5,"2022-June-03","2023-April-10","Cerete. Cordoba, Colombia",NA,"202224BCEAR_cere_rep1_COL2215_8",1,8,2,1,"check"," (Operator: lizbethpino, Time: )","COL2215_is_Venezolana","check_released",8.916666667,-76,101,"Cordoba","Colombia","Subhumid lowland tropics","cere",NA,NA,NA,NA,4,1,40.2093705293276,NA,70,23.4126984126984,6,90,23.4126984126984,9.41409865567591,11.8,1,5,1,10,6.2,8,20,3,160,5,5,3,2,3,3,NA,4025,530,22,18,1,3,1,1
2022,"202224BCEAR_cere","202224BCEAR_cere",4.8,3.5,"2022-June-03","2023-April-10","Cerete. Cordoba, Colombia",NA,"202224BCEAR_cere_rep1_GM10299-1_34",1,34,9,2,"test"," (Operator: lizbethpino, Time: )","GM10299-1","test",8.916666667,-76,101,"Cordoba","Colombia","Subhumid lowland tropics","cere",1.6,2.5,16.2,12.2,2,1,27.7008250825082,31.3,120,29.0674603174603,6,60,29.0674603174603,8.05192633846716,14.65,1,5,1,12,7.1,12,20,4,330,40,4,3,1,1,1,NA,4875,330,33,12,3,3,1,8
2022,"202224BCEAR_cere","202224BCEAR_cere",4.8,3.5,"2022-June-03","2023-April-10","Cerete. Cordoba, Colombia",NA,"202224BCEAR_cere_rep1_GM11213-2_2",1,2,1,2,"test"," (Operator: lizbethpino, Time: )","GM11213-2","test",8.916666667,-76,101,"Cordoba","Colombia","Subhumid lowland tropics","cere",NA,NA,15.5,9.1,1,1,35.2785797438882,37.1,110,14.6825396825397,6,45,14.6825396825397,5.17979147033279,7.4,1,5,1,7,4.5,10,20,1,290,40,2,3,2,3,2,NA,3850,414,13,9,1,1,1,6
2022,"202224BCEAR_cere","202224BCEAR_cere",4.8,3.5,"2022-June-03","2023-April-10","Cerete. Cordoba, Colombia",NA,"202224BCEAR_cere_rep1_GM11319-3_4",1,4,1,4,"test"," (Operator: lizbethpino, Time: )","GM11319-3","test",8.916666667,-76,101,"Cordoba","Colombia","Subhumid lowland tropics","cere",3.3,5.5,19.9,10.6,0,1,33.0482115792664,38.1,240,22.8174603174603,6,90,22.8174603174603,7.54076256272944,11.5,1,4,1,13,6,8,20,2,240,40,6,2,1,2,2,NA,3650,351,30,18,2,3,3,6
2022,"202224BCEAR_cere","202224BCEAR_cere",4.8,3.5,"2022-June-03","2023-April-10","Cerete. Cordoba, Colombia",NA,"202224BCEAR_cere_rep1_GM11365-2_6",1,6,2,3,"test"," (Operator: lizbethpino, Time: )","GM11365-2","test",8.916666667,-76,101,"Cordoba","Colombia","Subhumid lowland tropics","cere",2.5,3.3,13.6,6.9,3,1,30.6502366552722,33,80,25.0992063492064,6,100,25.0992063492063,7.69296614462685,12.65,1,5,1,16,7,6,20,3,320,40,6,3,1,2,1,NA,4150,347,29,20,1,3,1,8
2022,"202224BCEAR_cere","202224BCEAR_cere",4.8,3.5,"2022-June-03","2023-April-10","Cerete. Cordoba, Colombia",NA,"202224BCEAR_cere_rep1_GM11365-3_17",1,17,5,1,"test"," (Operator: lizbethpino, Time: )","GM11365-3","test",8.916666667,-76,101,"Cordoba","Colombia","Subhumid lowland tropics","cere",0.9,1.2,12.6,7.8,3,1,34.066228748068,31.2,100,13.8888888888889,6,75,13.8888888888889,4.73142065945389,7,1,3,1,14,5.3,6,20,2,290,30,3,3,1,2,2,NA,3600,365,14,15,1,3,2,8
2022,"202224BCEAR_cere","202224BCEAR_cere",4.8,3.5,"2022-June-03","2023-April-10","Cerete. Cordoba, Colombia",NA,"202224BCEAR_cere_rep1_GM11470-9_16",1,16,4,1,"test"," (Operator: lizbethpino, Time: )","GM11470-9","test",8.916666667,-76,101,"Cordoba","Colombia","Subhumid lowland tropics","cere",3.9,5.6,17,8.9,4,1,32.5409708078751,35.5,60,12.6984126984127,6,80,12.6984126984127,4.13218676925398,6.4,1,3,1,3,1.3,6,20,4,280,20,6,3,2,3,1,NA,3250,304,25,16,3,3,3,6
2022,"202224BCEAR_cere","202224BCEAR_cere",4.8,3.5,"2022-June-03","2023-April-10","Cerete. Cordoba, Colombia",NA,"202224BCEAR_cere_rep1_GM3426-5_10",1,10,3,2,"check"," (Operator: lizbethpino, Time: )","GM3426-5","test",8.916666667,-76,101,"Cordoba","Colombia","Subhumid lowland tropics","cere",NA,NA,9.2,3,5,1,31.4082463465553,35.5,130,18.6507936507936,6,90,18.6507936507936,5.85788721542896,9.4,1,5,1,6,3.55,12,20,1,190,40,5,3,2,3,2,NA,4200,368,34,18,2,1,1,5
2022,"202224BCEAR_cere","202224BCEAR_cere",4.8,3.5,"2022-June-03","2023-April-10","Cerete. Cordoba, Colombia",NA,"202224BCEAR_cere_rep1_GM3426-5_23",1,23,6,2,"check"," (Operator: lizbethpino, Time: )","GM3426-5","test",8.916666667,-76,101,"Cordoba","Colombia","Subhumid lowland tropics","cere",5.4,12.2,9.9,4,4,1,33.6968073292615,37.7,140,20.5952380952381,6,95,20.5952380952381,6.93993769995505,10.38,1,5,1,12,4.95,10,20,2,260,20,5,3,1,4,2,NA,4000,398,33,19,3,3,2,5
2022,"202224BCEAR_cere","202224BCEAR_cere",4.8,3.5,"2022-June-03","2023-April-10","Cerete. Cordoba, Colombia",NA,"202224BCEAR_cere_rep1_GM4486-11_11",1,11,3,3,"test"," (Operator: lizbethpino, Time: )","GM4486-11","test",8.916666667,-76,101,"Cordoba","Colombia","Subhumid lowland tropics","cere",5.5,8.5,16.7,10.9,0,1,34.1812345339565,38.6,220,18.5515873015873,6,100,18.5515873015873,6.34116156532725,9.35,1,4,1,12,5.7,8,20,2,220,40,6,3,1,2,2,NA,4050,413,26,20,3,3,1,6
2022,"202224BCEAR_cere","202224BCEAR_cere",4.8,3.5,"2022-June-03","2023-April-10","Cerete. Cordoba, Colombia",NA,"202224BCEAR_cere_rep1_GM8560-13_20",1,20,5,4,"test"," (Operator: lizbethpino, Time: )","GM8560-13","test",8.916666667,-76,101,"Cordoba","Colombia","Subhumid lowland tropics","cere",1.2,1.8,15.9,8.2,1,1,33.4399193548387,33.8,240,24.4047619047619,6,95,24.4047619047619,8.16093269969278,12.3,1,4,1,11,6.15,8,20,1,290,50,6,3,1,2,2,NA,3850,378,23,19,1,1,1,5
2022,"202224BCEAR_cere","202224BCEAR_cere",4.8,3.5,"2022-June-03","2023-April-10","Cerete. Cordoba, Colombia",NA,"202224BCEAR_cere_rep1_GM9404-1_7",1,7,2,2,"test"," (Operator: lizbethpino, Time: )","GM9404-1","test",8.916666667,-76,101,"Cordoba","Colombia","Subhumid lowland tropics","cere",6.1,7.5,14.2,9.2,2,1,32.3506050129645,37.8,120,15.8730158730159,6,95,15.8730158730159,5.13501666872452,8,1,5,1,15,3.9,8,20,2,260,40,5,3,1,4,3,NA,3825,354,24,19,2,3,1,4
2022,"202224BCEAR_cere","202224BCEAR_cere",4.8,3.5,"2022-June-03","2023-April-10","Cerete. Cordoba, Colombia",NA,"202224BCEAR_cere_rep1_SM3536-44_12",1,12,3,4,"test"," (Operator: lizbethpino, Time: )","SM3536-44","test",8.916666667,-76,101,"Cordoba","Colombia","Subhumid lowland tropics","cere",3.8,6,11.4,5.5,2,1,34.0390125173852,37.4,120,21.4285714285714,6,85,21.4285714285714,7.29407411086826,10.8,1,4,1,10,6.2,10,20,1,170,20,6,3,2,3,1,NA,4000,405,24,17,1,2,1,5
2022,"202224BCEAR_cere","202224BCEAR_cere",4.8,3.5,"2022-June-03","2023-April-10","Cerete. Cordoba, Colombia",NA,"202224BCEAR_cere_rep1_SM4569-17_27",1,27,7,3,"test"," (Operator: lizbethpino, Time: )","SM4569-17","test",8.916666667,-76,101,"Cordoba","Colombia","Subhumid lowland tropics","cere",3,4.4,16.9,9.7,1,1,31.8995689655172,37.8,90,20.4365079365079,6,100,20.4365079365079,6.51915794334974,10.3,1,5,1,11,5.1,8,20,2,220,30,6,3,2,3,3,NA,3825,345,30,20,3,3,1,6
2022,"202224BCEAR_cere","202224BCEAR_cere",4.8,3.5,"2022-June-03","2023-April-10","Cerete. Cordoba, Colombia",NA,"202224BCEAR_cere_rep1_SM4850-8_35",1,35,9,3,"test"," (Operator: lizbethpino, Time: )","SM4850-8","test",8.916666667,-76,101,"Cordoba","Colombia","Subhumid lowland tropics","cere",4.1,8.2,14,7.4,5,1,34.2407501410039,38.2,120,25.3968253968254,6,100,25.3968253968254,8.696063527874,12.8,1,5,1,15,5.55,10,20,1,300,20,6,3,1,4,3,NA,3950,404,43,20,3,3,1,6
2022,"202224BCEAR_cere","202224BCEAR_cere",4.8,3.5,"2022-June-03","2023-April-10","Cerete. Cordoba, Colombia",NA,"202224BCEAR_cere_rep1_SM4891-13_30",1,30,8,3,"test"," (Operator: lizbethpino, Time: )","SM4891-13","test",8.916666667,-76,101,"Cordoba","Colombia","Subhumid lowland tropics","cere",4.2,7.9,15,7.6,2,1,34.8050446998723,35.1,30,11.9047619047619,6,90,11.9047619047619,4.14345770236575,6,1,4,1,4,1.55,8,20,2,240,40,4,3,2,2,2,NA,3500,368,18,18,3,2,1,4
2022,"202224BCEAR_cere","202224BCEAR_cere",4.8,3.5,"2022-June-03","2023-April-10","Cerete. Cordoba, Colombia",NA,"202224BCEAR_cere_rep1_SM4897-22_36",1,36,9,4,"test"," (Operator: lizbethpino, Time: )","SM4897-22","test",8.916666667,-76,101,"Cordoba","Colombia","Subhumid lowland tropics","cere",2.8,4,16.4,11.2,3,1,30.5886730424387,34.5,170,13.9880952380952,6,85,13.9880952380952,4.27877271724589,7.05,1,4,1,8,3.5,12,20,2,210,50,5,3,2,2,1,NA,3650,304,15,17,2,3,1,6
2022,"202224BCEAR_cere","202224BCEAR_cere",4.8,3.5,"2022-June-03","2023-April-10","Cerete. Cordoba, Colombia",NA,"202224BCEAR_cere_rep1_SM4922-6_15",1,15,4,2,"test"," (Operator: lizbethpino, Time: )","SM4922-6","test",8.916666667,-76,101,"Cordoba","Colombia","Subhumid lowland tropics","cere",1.9,2.4,16.4,9.3,1,1,34.2249082007344,33.3,120,32.1428571428571,6,95,32.1428571428571,11.0008633502361,16.2,1,4,1,20,9.05,6,20,4,240,20,6,3,1,2,1,NA,4550,465,40,19,1,3,2,7
2022,"202224BCEAR_cere","202224BCEAR_cere",4.8,3.5,"2022-June-03","2023-April-10","Cerete. Cordoba, Colombia",NA,"202224BCEAR_cere_rep1_SM4952-5_28",1,28,7,4,"test"," (Operator: lizbethpino, Time: )","SM4952-5","test",8.916666667,-76,101,"Cordoba","Colombia","Subhumid lowland tropics","cere",5,7.3,14.8,8.7,2,1,38.1242123378342,41.9,100,19.1468253968254,6,100,19.1468253968254,7.29957637024008,9.65,1,5,1,10,5.25,8,20,2,230,20,5,3,2,3,2,NA,4300,523,25,20,2,3,1,7
2022,"202224BCEAR_cere","202224BCEAR_cere",4.8,3.5,"2022-June-03","2023-April-10","Cerete. Cordoba, Colombia",NA,"202224BCEAR_cere_rep1_SM4955-23_3",1,3,1,3,"test"," (Operator: lizbethpino, Time: )","SM4955-23","test",8.916666667,-76,101,"Cordoba","Colombia","Subhumid lowland tropics","cere",3.2,4.6,17.9,10,0,1,28.4769377824122,35.3,290,14.8809523809524,6,75,14.8809523809524,4.2376395509542,7.5,1,5,1,12,4.85,12,20,1,290,40,4,3,1,3,3,NA,3100,223,20,15,2,3,1,5
2022,"202224BCEAR_cere","202224BCEAR_cere",4.8,3.5,"2022-June-03","2023-April-10","Cerete. Cordoba, Colombia",NA,"202224BCEAR_cere_rep1_SM4956-10_13",1,13,4,4,"test"," (Operator: lizbethpino, Time: )","SM4956-10","test",8.916666667,-76,101,"Cordoba","Colombia","Subhumid lowland tropics","cere",2,4.6,14.1,8.3,3,1,34.5039995252789,31.2,140,24.5039682539683,6,95,24.5039682539682,8.4548490900237,12.35,1,4,1,18,9.5,10,20,1,190,30,6,3,1,2,2,NA,4700,487,17,19,1,3,1,6
2022,"202224BCEAR_cere","202224BCEAR_cere",4.8,3.5,"2022-June-03","2023-April-10","Cerete. Cordoba, Colombia",NA,"202224BCEAR_cere_rep1_SM4956-6_18",1,18,5,2,"test"," (Operator: lizbethpino, Time: )","SM4956-6","test",8.916666667,-76,101,"Cordoba","Colombia","Subhumid lowland tropics","cere",1.9,3,14.8,8.3,1,1,30.3853772167117,35.1,130,18.1547619047619,6,90,18.1547619047619,5.51639288755778,9.15,1,5,1,9,5.35,10,20,2,320,50,5,3,1,3,2,NA,3625,298,18,18,1,3,1,8
2022,"202224BCEAR_cere","202224BCEAR_cere",4.8,3.5,"2022-June-03","2023-April-10","Cerete. Cordoba, Colombia",NA,"202224BCEAR_cere_rep1_SM4957-2_33",1,33,9,1,"test"," (Operator: lizbethpino, Time: )","SM4957-2","test",8.916666667,-76,101,"Cordoba","Colombia","Subhumid lowland tropics","cere",NA,NA,16,10.6,5,1,24.3958620689655,32.8,80,4.76190476190476,6,70,4.76190476190476,1.16170771756979,2.4,1,4,1,3,1.8,8,20,4,230,30,4,2,1,4,1,NA,1525,75,4,14,1,3,3,8
2022,"202224BCEAR_cere","202224BCEAR_cere",4.8,3.5,"2022-June-03","2023-April-10","Cerete. Cordoba, Colombia",NA,"202224BCEAR_cere_rep1_SM4963-25_29",1,29,8,4,"test"," (Operator: lizbethpino, Time: )","SM4963-25","test",8.916666667,-76,101,"Cordoba","Colombia","Subhumid lowland tropics","cere",NA,NA,15.5,10.2,1,1,35.5485037406484,37.6,110,21.9246031746032,6,100,21.9246031746032,7.79386837964613,11.05,1,5,1,13,9.2,10,20,2,230,5,4,3,1,2,2,NA,4500,490,9,20,1,3,1,5
2022,"202224BCEAR_cere","202224BCEAR_cere",4.8,3.5,"2022-June-03","2023-April-10","Cerete. Cordoba, Colombia",NA,"202224BCEAR_cere_rep1_SM4989-6_19",1,19,5,3,"test"," (Operator: lizbethpino, Time: )","SM4989-6","test",8.916666667,-76,101,"Cordoba","Colombia","Subhumid lowland tropics","cere",2.4,4.8,15.4,8.8,0,1,32.6084917228694,34.8,320,14.0873015873016,6,85,14.0873015873016,4.59365657207089,7.1,1,5,1,14,5.2,10,20,1,320,40,4,3,1,2,1,NA,3600,338,13,17,3,3,1,6
2022,"202224BCEAR_cere","202224BCEAR_cere",4.8,3.5,"2022-June-03","2023-April-10","Cerete. Cordoba, Colombia",NA,"202224BCEAR_cere_rep1_SM4993-9_5",1,5,2,4,"test"," (Operator: lizbethpino, Time: )","SM4993-9","test",8.916666667,-76,101,"Cordoba","Colombia","Subhumid lowland tropics","cere",1.7,2.5,18.8,12.7,2,1,33.0051458800898,31.8,110,13.2936507936508,6,70,13.2936507936508,4.38758883723416,6.7,1,4,1,12,4.1,8,20,3,170,30,5,3,1,4,2,NA,3450,331,16,14,3,3,1,4
2022,"202224BCEAR_cere","202224BCEAR_cere",4.8,3.5,"2022-June-03","2023-April-10","Cerete. Cordoba, Colombia",NA,"202224BCEAR_cere_rep1_SM5007-37_9",1,9,3,1,"test"," (Operator: lizbethpino, Time: )","SM5007-37","test",8.916666667,-76,101,"Cordoba","Colombia","Subhumid lowland tropics","cere",2.5,3.5,16.3,9.6,5,1,31.2100479904019,38.4,110,13.4920634920635,6,85,13.4920634920635,4.21087949076851,6.8,1,5,1,11,4.7,10,20,2,140,40,5,3,1,3,3,NA,3650,316,13,17,2,3,1,6
2022,"202224BCEAR_cere","202224BCEAR_cere",4.8,3.5,"2022-June-03","2023-April-10","Cerete. Cordoba, Colombia",NA,"202224BCEAR_cere_rep1_SM5008-19_26",1,26,7,2,"test"," (Operator: lizbethpino, Time: )","SM5008-19","test",8.916666667,-76,101,"Cordoba","Colombia","Subhumid lowland tropics","cere",NA,NA,15.9,8.9,3,1,30.9387570268582,34.9,100,11.4087301587302,6,60,11.4087301587302,3.52971930365942,5.75,1,5,2,2,0.95,10,20,4,210,20,4,3,1,2,2,NA,3500,298,30,12,1,3,1,6
2022,"202224BCEAR_cere","202224BCEAR_cere",4.8,3.5,"2022-June-03","2023-April-10","Cerete. Cordoba, Colombia",NA,"202224BCEAR_cere_rep1_SM5008-25_31",1,31,8,2,"test"," (Operator: lizbethpino, Time: )","SM5008-25","test",8.916666667,-76,101,"Cordoba","Colombia","Subhumid lowland tropics","cere",NA,NA,14.7,10.1,6,1,29.0418918918919,33.9,90,3.96825396825397,6,15,3.96825396825397,1.15245602745603,2,1,3,1,4,1.8,8,20,2,250,20,1,3,1,2,2,NA,400,30,2,3,1,3,2,5
2022,"202224BCEAR_cere","202224BCEAR_cere",4.8,3.5,"2022-June-03","2023-April-10","Cerete. Cordoba, Colombia",NA,"202224BCEAR_cere_rep1_SM5008-33_21",1,21,6,4,"test"," (Operator: lizbethpino, Time: )","SM5008-33","test",8.916666667,-76,101,"Cordoba","Colombia","Subhumid lowland tropics","cere",NA,NA,9.2,3.2,0,1,35.0371613663133,36,260,18.452380952381,6,85,18.4523809523809,6.46519049021257,9.3,1,5,1,10,4.4,10,20,2,260,40,4,3,1,3,3,NA,3800,404,25,17,3,3,1,4
2022,"202224BCEAR_cere","202224BCEAR_cere",4.8,3.5,"2022-June-03","2023-April-10","Cerete. Cordoba, Colombia","Caiseli,Caiselli,CAISELLI","202224BCEAR_cere_rep1_SMB2446-2_32",1,32,8,1,"check"," (Operator: lizbethpino, Time: )","SMB2446-2_is_Caiseli","check_released",8.916666667,-76,101,"Cordoba","Colombia","Subhumid lowland tropics","cere",NA,NA,NA,NA,0,1,37.1122641509434,NA,190,21.6269841269841,6,85,21.6269841269841,8.02626347708895,10.9,1,5,1,8,4.3,8,20,2,190,40,6,3,1,2,1,NA,4200,490,32,17,1,3,1,1
2022,"202224BCEAR_cere","202224BCEAR_cere",4.8,3.5,"2022-June-03","2023-April-10","Cerete. Cordoba, Colombia","Tai8","202224BCEAR_cere_rep1_TAI8_14",1,14,4,3,"check"," (Operator: lizbethpino, Time: )","TAI8_is_TAI","check_released",8.916666667,-76,101,"Cordoba","Colombia","Subhumid lowland tropics","cere",NA,NA,NA,NA,0,1,39.2690535491905,NA,170,33.3333333333333,6,90,33.3333333333333,13.0896845163968,16.8,1,4,1,17,11.1,6,20,2,170,30,6,1,1,2,2,NA,4600,585,33,18,1,3,1,2
2022,"202224BCEAR_cere","202224BCEAR_cere",4.8,3.5,"2022-June-03","2023-April-10","Cerete. Cordoba, Colombia",NA,"202224BCEAR_cere_rep2_CG1141-1_55",2,55,5,7,"check"," (Operator: lizbethpino, Time: )","CG1141-1_is_Costena","check_released",8.916666667,-76,101,"Cordoba","Colombia","Subhumid lowland tropics","cere",NA,NA,2.3,1.6,0,1,38.466639828234,38.6,190,22.4206349206349,6,100,22.4206349206349,8.62446488212389,11.3,1,5,1,12,7,8,20,2,190,40,6,3,1,3,1,NA,4250,524,28,20,1,3,1,1
2022,"202224BCEAR_cere","202224BCEAR_cere",4.8,3.5,"2022-June-03","2023-April-10","Cerete. Cordoba, Colombia",NA,"202224BCEAR_cere_rep2_CG1141-1_61",2,61,7,5,"check"," (Operator: lizbethpino, Time: )","CG1141-1_is_Costena","check_released",8.916666667,-76,101,"Cordoba","Colombia","Subhumid lowland tropics","cere",NA,NA,NA,NA,0,1,39.3050046772685,NA,160,20.0396825396825,6,95,20.0396825396825,7.87659815953198,10.1,1,4,1,15,7.45,8,20,2,160,20,5,3,1,3,1,NA,4900,624,14,19,1,1,1,1
2022,"202224BCEAR_cere","202224BCEAR_cere",4.8,3.5,"2022-June-03","2023-April-10","Cerete. Cordoba, Colombia",NA,"202224BCEAR_cere_rep2_CM4919-1_43",2,43,2,6,"check"," (Operator: lizbethpino, Time: )","CM4919-1_is_Veronica","check_released",8.916666667,-76,101,"Cordoba","Colombia","Subhumid lowland tropics","cere",2.5,5,3,1.6,0,1,37.6906633221851,39,170,33.6309523809524,6,100,33.6309523809524,12.6757290339492,16.95,1,4,1,19,12.25,8,20,2,170,50,6,3,1,2,3,NA,4075,487,23,20,1,3,1,4
2022,"202224BCEAR_cere","202224BCEAR_cere",4.8,3.5,"2022-June-03","2023-April-10","Cerete. Cordoba, Colombia",NA,"202224BCEAR_cere_rep2_COL2215_46",2,46,3,6,"check"," (Operator: lizbethpino, Time: )","COL2215_is_Venezolana","check_released",8.916666667,-76,101,"Cordoba","Colombia","Subhumid lowland tropics","cere",NA,NA,NA,NA,4,1,43.3733110164333,NA,100,25.7936507936508,6,100,25.7936507936508,11.1875603812229,13,1,5,1,14,9.65,10,20,3,230,40,6,3,1,2,1,NA,3850,564,21,20,1,3,1,1
2022,"202224BCEAR_cere","202224BCEAR_cere",4.8,3.5,"2022-June-03","2023-April-10","Cerete. Cordoba, Colombia",NA,"202224BCEAR_cere_rep2_COL2215_52",2,52,4,5,"check"," (Operator: lizbethpino, Time: )","COL2215_is_Venezolana","check_released",8.916666667,-76,101,"Cordoba","Colombia","Subhumid lowland tropics","cere",NA,NA,NA,NA,3,1,38.7227272727272,NA,100,26.3888888888889,6,90,26.3888888888889,10.2184974747475,13.3,1,NA,1,18,10.4,8,20,3,220,30,6,3,1,1,1,NA,4850,604,17,18,1,1,1,1
2022,"202224BCEAR_cere","202224BCEAR_cere",4.8,3.5,"2022-June-03","2023-April-10","Cerete. Cordoba, Colombia",NA,"202224BCEAR_cere_rep2_GM10299-1_50",2,50,4,7,"test"," (Operator: lizbethpino, Time: )","GM10299-1","test",8.916666667,-76,101,"Cordoba","Colombia","Subhumid lowland tropics","cere",1.5,2.1,14.9,11.5,1,1,28.0328309305373,30.8,120,40.8730158730159,6,70,40.8730158730159,11.4578634358942,20.6,1,5,2,21,11.45,14,20,3,290,50,6,3,1,1,2,NA,4100,285,45,14,1,3,1,8
2022,"202224BCEAR_cere","202224BCEAR_cere",4.8,3.5,"2022-June-03","2023-April-10","Cerete. Cordoba, Colombia",NA,"202224BCEAR_cere_rep2_GM11213-2_47",2,47,3,7,"test"," (Operator: lizbethpino, Time: )","GM11213-2","test",8.916666667,-76,101,"Cordoba","Colombia","Subhumid lowland tropics","cere",NA,NA,15,10,1,1,31.785676625659,37.2,110,8.03571428571428,6,30,8.03571428571428,2.55420615741903,4.05,1,4,1,6,2.2,10,20,1,250,40,2,3,1,3,2,NA,2500,224,11,6,2,3,1,5
2022,"202224BCEAR_cere","202224BCEAR_cere",4.8,3.5,"2022-June-03","2023-April-10","Cerete. Cordoba, Colombia",NA,"202224BCEAR_cere_rep2_GM11319-3_64",2,64,7,8,"test"," (Operator: lizbethpino, Time: )","GM11319-3","test",8.916666667,-76,101,"Cordoba","Colombia","Subhumid lowland tropics","cere",NA,NA,18.2,10.8,1,1,31.777566096423,37.2,230,8.82936507936508,6,85,8.82936507936508,2.80575732398973,4.45,1,5,1,5,1.8,10,20,2,280,60,4,2,1,3,2,NA,2825,253,22,17,3,3,1,6
2022,"202224BCEAR_cere","202224BCEAR_cere",4.8,3.5,"2022-June-03","2023-April-10","Cerete. Cordoba, Colombia",NA,"202224BCEAR_cere_rep2_GM11365-2_69",2,69,9,5,"test"," (Operator: lizbethpino, Time: )","GM11365-2","test",8.916666667,-76,101,"Cordoba","Colombia","Subhumid lowland tropics","cere",2.6,4.7,14.7,8,5,1,34.7768156424581,34.8,70,14.8809523809524,6,80,14.8809523809524,5.17512137536579,7.5,1,4,1,11,6.9,6,20,2,220,20,4,3,2,2,2,NA,3400,357,9,16,1,3,1,2
2022,"202224BCEAR_cere","202224BCEAR_cere",4.8,3.5,"2022-June-03","2023-April-10","Cerete. Cordoba, Colombia",NA,"202224BCEAR_cere_rep2_GM11365-3_65",2,65,8,8,"test"," (Operator: lizbethpino, Time: )","GM11365-3","test",8.916666667,-76,101,"Cordoba","Colombia","Subhumid lowland tropics","cere",NA,NA,13.8,8.9,3,1,34.3948634204275,33.6,100,12.6984126984127,6,100,12.6984126984127,4.36760170418127,6.4,1,5,1,12,4.3,8,20,2,210,30,5,3,1,3,2,NA,3755,387,13,20,1,3,3,8
2022,"202224BCEAR_cere","202224BCEAR_cere",4.8,3.5,"2022-June-03","2023-April-10","Cerete. Cordoba, Colombia",NA,"202224BCEAR_cere_rep2_GM11470-9_41",2,41,2,8,"test"," (Operator: lizbethpino, Time: )","GM11470-9","test",8.916666667,-76,101,"Cordoba","Colombia","Subhumid lowland tropics","cere",NA,NA,NA,NA,5,1,32.0214940421631,NA,30,14.2857142857143,6,70,14.2857142857143,4.57449914888044,7.2,1,4,1,10,4.4,8,20,4,280,20,6,3,1,3,2,NA,3600,327,16,14,2,3,1,5
2022,"202224BCEAR_cere","202224BCEAR_cere",4.8,3.5,"2022-June-03","2023-April-10","Cerete. Cordoba, Colombia",NA,"202224BCEAR_cere_rep2_GM3426-5_39",2,39,1,7,"check"," (Operator: lizbethpino, Time: )","GM3426-5","test",8.916666667,-76,101,"Cordoba","Colombia","Subhumid lowland tropics","cere",NA,NA,NA,NA,0,1,27.6146790154783,NA,260,20.2380952380952,6,75,20.2380952380952,5.5886850388468,10.2,1,4,1,12,5,10,20,2,260,40,5,3,2,3,2,NA,4225,284,32,15,3,3,1,4
2022,"202224BCEAR_cere","202224BCEAR_cere",4.8,3.5,"2022-June-03","2023-April-10","Cerete. Cordoba, Colombia",NA,"202224BCEAR_cere_rep2_GM3426-5_62",2,62,7,6,"check"," (Operator: lizbethpino, Time: )","GM3426-5","test",8.916666667,-76,101,"Cordoba","Colombia","Subhumid lowland tropics","cere",8.4,16.5,10.1,3.2,0,1,37.374197285667,37.5,240,22.0238095238095,6,90,22.0238095238095,8.23122202124809,11.1,1,5,1,11,4.8,8,20,2,240,20,5,3,1,2,3,NA,3425,404,35,18,3,3,1,4
2022,"202224BCEAR_cere","202224BCEAR_cere",4.8,3.5,"2022-June-03","2023-April-10","Cerete. Cordoba, Colombia",NA,"202224BCEAR_cere_rep2_GM4486-11_70",2,70,9,6,"test"," (Operator: lizbethpino, Time: )","GM4486-11","test",8.916666667,-76,101,"Cordoba","Colombia","Subhumid lowland tropics","cere",2.9,5.1,16.1,10.5,1,1,33.2003753753754,38.7,110,15.4761904761905,6,85,15.4761904761905,5.13815333190334,7.8,1,5,1,6,3.05,8,20,3,210,20,4,3,1,2,3,NA,4425,429,7,17,2,3,1,8
2022,"202224BCEAR_cere","202224BCEAR_cere",4.8,3.5,"2022-June-03","2023-April-10","Cerete. Cordoba, Colombia",NA,"202224BCEAR_cere_rep2_GM8560-13_42",2,42,2,7,"test"," (Operator: lizbethpino, Time: )","GM8560-13","test",8.916666667,-76,101,"Cordoba","Colombia","Subhumid lowland tropics","cere",1.7,2.8,16,9.3,1,1,34.8866459627329,33.1,240,5.8531746031746,6,55,5.8531746031746,2.04197630139012,2.95,1,2,2,2,1.5,12,20,3,280,40,4,3,1,4,2,NA,2700,285,6,11,2,3,1,7
2022,"202224BCEAR_cere","202224BCEAR_cere",4.8,3.5,"2022-June-03","2023-April-10","Cerete. Cordoba, Colombia",NA,"202224BCEAR_cere_rep2_GM9404-1_68",2,68,8,5,"test"," (Operator: lizbethpino, Time: )","GM9404-1","test",8.916666667,-76,101,"Cordoba","Colombia","Subhumid lowland tropics","cere",NA,NA,14.2,9.3,4,1,29.7785286409584,35.4,90,9.02777777777778,6,100,9.02777777777778,2.68833939119763,4.55,1,5,1,0,0,6,20,4,180,20,6,3,1,3,2,NA,2900,229,41,20,2,3,1,4
2022,"202224BCEAR_cere","202224BCEAR_cere",4.8,3.5,"2022-June-03","2023-April-10","Cerete. Cordoba, Colombia",NA,"202224BCEAR_cere_rep2_SM3536-44_59",2,59,6,6,"test"," (Operator: lizbethpino, Time: )","SM3536-44","test",8.916666667,-76,101,"Cordoba","Colombia","Subhumid lowland tropics","cere",3.1,4.7,11.8,6.2,2,1,34.195352507892,37,110,12.5,6,90,12.5,4.2744190634865,6.3,1,4,1,10,4.5,8,20,2,250,30,4,2,1,3,2,NA,3175,324,15,18,3,3,1,5
2022,"202224BCEAR_cere","202224BCEAR_cere",4.8,3.5,"2022-June-03","2023-April-10","Cerete. Cordoba, Colombia",NA,"202224BCEAR_cere_rep2_SM4569-17_53",2,53,5,5,"test"," (Operator: lizbethpino, Time: )","SM4569-17","test",8.916666667,-76,101,"Cordoba","Colombia","Subhumid lowland tropics","cere",2.4,3.5,16.3,8.6,4,1,34.2875147579693,34.2,80,20.1984126984127,6,95,20.1984126984127,6.9255337348438,10.18,1,4,1,13,6.25,8,20,2,270,20,6,3,1,3,NA,NA,3775,387,23,19,2,3,1,6
2022,"202224BCEAR_cere","202224BCEAR_cere",4.8,3.5,"2022-June-03","2023-April-10","Cerete. Cordoba, Colombia",NA,"202224BCEAR_cere_rep2_SM4850-8_49",2,49,4,8,"test"," (Operator: lizbethpino, Time: )","SM4850-8","test",8.916666667,-76,101,"Cordoba","Colombia","Subhumid lowland tropics","cere",5.4,14.4,12.3,5.6,5,1,36.5967463479416,39.3,130,22.9166666666667,6,100,22.9166666666667,8.38675437140328,11.55,1,5,1,18,6.7,10,20,1,265,20,6,3,1,2,2,NA,4250,485,30,20,3,1,1,6
2022,"202224BCEAR_cere","202224BCEAR_cere",4.8,3.5,"2022-June-03","2023-April-10","Cerete. Cordoba, Colombia",NA,"202224BCEAR_cere_rep2_SM4891-13_48",2,48,3,8,"test"," (Operator: lizbethpino, Time: )","SM4891-13","test",8.916666667,-76,101,"Cordoba","Colombia","Subhumid lowland tropics","cere",1.7,4.2,13.6,6.8,2,1,35.7921832551247,36.8,110,23.1150793650794,6,100,23.1150793650794,8.27339156591672,11.65,1,5,1,12,7.05,10,20,2,270,30,6,3,1,2,3,NA,4550,501,24,20,3,3,1,5
2022,"202224BCEAR_cere","202224BCEAR_cere",4.8,3.5,"2022-June-03","2023-April-10","Cerete. Cordoba, Colombia",NA,"202224BCEAR_cere_rep2_SM4897-22_37",2,37,1,5,"test"," (Operator: lizbethpino, Time: )","SM4897-22","test",8.916666667,-76,101,"Cordoba","Colombia","Subhumid lowland tropics","cere",NA,NA,17,11.7,4,1,33.5602973812694,38,90,8.73015873015873,6,100,8.73015873015873,2.92986723169812,4.4,1,3,1,3,1.5,8,20,2,210,20,6,3,1,3,1,NA,2500,247,23,20,1,3,3,8
2022,"202224BCEAR_cere","202224BCEAR_cere",4.8,3.5,"2022-June-03","2023-April-10","Cerete. Cordoba, Colombia",NA,"202224BCEAR_cere_rep2_SM4922-6_51",2,51,4,6,"test"," (Operator: lizbethpino, Time: )","SM4922-6","test",8.916666667,-76,101,"Cordoba","Colombia","Subhumid lowland tropics","cere",2.8,3.9,17.6,9.6,1,1,36.0815657828914,35.7,130,31.25,6,100,31.25,11.2754893071536,15.75,1,4,1,26,10,8,20,2,240,30,6,3,1,1,2,NA,4500,502,40,20,2,3,1,7
2022,"202224BCEAR_cere","202224BCEAR_cere",4.8,3.5,"2022-June-03","2023-April-10","Cerete. Cordoba, Colombia",NA,"202224BCEAR_cere_rep2_SM4952-5_54",2,54,5,6,"test"," (Operator: lizbethpino, Time: )","SM4952-5","test",8.916666667,-76,101,"Cordoba","Colombia","Subhumid lowland tropics","cere",3.8,6.6,15.5,9.4,1,1,38.6555288461538,41.4,120,17.7579365079365,6,100,17.7579365079365,6.86442426930707,8.95,1,5,1,9,4.7,8,20,2,250,20,6,3,2,2,2,NA,3800,472,27,20,3,3,1,8
2022,"202224BCEAR_cere","202224BCEAR_cere",4.8,3.5,"2022-June-03","2023-April-10","Cerete. Cordoba, Colombia",NA,"202224BCEAR_cere_rep2_SM4955-23_63",2,63,7,7,"test"," (Operator: lizbethpino, Time: )","SM4955-23","test",8.916666667,-76,101,"Cordoba","Colombia","Subhumid lowland tropics","cere",NA,NA,16.7,9.2,0,1,31.5894984326019,35,280,10.218253968254,6,85,10.218253968254,3.22789517714087,5.15,1,4,1,8,1.9,8,20,2,280,50,4,3,1,4,2,NA,2100,186,28,17,2,3,1,6
2022,"202224BCEAR_cere","202224BCEAR_cere",4.8,3.5,"2022-June-03","2023-April-10","Cerete. Cordoba, Colombia",NA,"202224BCEAR_cere_rep2_SM4956-10_58",2,58,6,7,"test"," (Operator: lizbethpino, Time: )","SM4956-10","test",8.916666667,-76,101,"Cordoba","Colombia","Subhumid lowland tropics","cere",2.8,5.2,17.6,11.9,3,1,34.6812680115274,36.2,110,18.1547619047619,6,80,18.1547619047619,6.29630163304515,9.15,1,3,1,11,5.3,10,20,2,260,40,4,3,1,3,3,NA,3100,324,25,16,1,3,1,5
2022,"202224BCEAR_cere","202224BCEAR_cere",4.8,3.5,"2022-June-03","2023-April-10","Cerete. Cordoba, Colombia",NA,"202224BCEAR_cere_rep2_SM4956-6_56",2,56,5,8,"test"," (Operator: lizbethpino, Time: )","SM4956-6","test",8.916666667,-76,101,"Cordoba","Colombia","Subhumid lowland tropics","cere",3,4.6,13.9,7.9,5,1,27.5392620415378,35.7,60,19.3452380952381,6,100,19.3452380952381,5.32753581160701,9.75,1,4,1,11,6.5,10,20,3,280,20,3,3,1,2,3,NA,4850,324,15,20,1,3,1,5
2022,"202224BCEAR_cere","202224BCEAR_cere",4.8,3.5,"2022-June-03","2023-April-10","Cerete. Cordoba, Colombia",NA,"202224BCEAR_cere_rep2_SM4957-2_44",2,44,2,5,"test"," (Operator: lizbethpino, Time: )","SM4957-2","test",8.916666667,-76,101,"Cordoba","Colombia","Subhumid lowland tropics","cere",NA,NA,19.5,12.4,4,1,31.68198011599,36.2,120,4.16666666666667,6,65,4.16666666666667,1.32008250483292,2.1,1,2,2,0,0,10,20,4,280,20,3,2,2,4,1,NA,1325,118,10,13,2,2,3,5
2022,"202224BCEAR_cere","202224BCEAR_cere",4.8,3.5,"2022-June-03","2023-April-10","Cerete. Cordoba, Colombia",NA,"202224BCEAR_cere_rep2_SM4963-25_57",2,57,6,8,"test"," (Operator: lizbethpino, Time: )","SM4963-25","test",8.916666667,-76,101,"Cordoba","Colombia","Subhumid lowland tropics","cere",NA,NA,16.3,9.7,2,1,38.4836296296296,38.2,110,24.8015873015873,6,90,24.8015873015873,9.5445509994121,12.5,1,4,2,19,9.3,10,20,3,270,40,5,3,1,2,3,NA,3850,475,19,18,1,3,1,8
2022,"202224BCEAR_cere","202224BCEAR_cere",4.8,3.5,"2022-June-03","2023-April-10","Cerete. Cordoba, Colombia",NA,"202224BCEAR_cere_rep2_SM4989-6_71",2,71,9,7,"test"," (Operator: lizbethpino, Time: )","SM4989-6","test",8.916666667,-76,101,"Cordoba","Colombia","Subhumid lowland tropics","cere",NA,NA,14.6,8.6,0,1,33.5377372262774,35.8,320,14.0873015873016,6,85,14.0873015873016,4.72456218862241,7.1,1,5,1,4.4,0,12,20,1,320,60,5,3,1,2,3,NA,3800,375,22,17,2,3,1,6
2022,"202224BCEAR_cere","202224BCEAR_cere",4.8,3.5,"2022-June-03","2023-April-10","Cerete. Cordoba, Colombia",NA,"202224BCEAR_cere_rep2_SM4993-9_45",2,45,3,5,"test"," (Operator: lizbethpino, Time: )","SM4993-9","test",8.916666667,-76,101,"Cordoba","Colombia","Subhumid lowland tropics","cere",NA,NA,17.5,11.3,5,1,27.8118874038072,34.2,120,8.82936507936508,6,80,8.82936507936508,2.45561307434409,4.45,1,4,1,8,2.4,8,20,2,230,20,6,3,2,4,2,NA,2650,181,18,16,3,3,1,6
2022,"202224BCEAR_cere","202224BCEAR_cere",4.8,3.5,"2022-June-03","2023-April-10","Cerete. Cordoba, Colombia",NA,"202224BCEAR_cere_rep2_SM5007-37_66",2,66,8,7,"test"," (Operator: lizbethpino, Time: )","SM5007-37","test",8.916666667,-76,101,"Cordoba","Colombia","Subhumid lowland tropics","cere",NA,NA,13.9,8.1,0,1,27.5449538795442,33.8,290,7.44047619047619,6,65,7.44047619047619,2.04947573508513,3.75,1,2,1,2,0.55,10,20,2,290,60,3,3,1,4,2,NA,1975,132,20,13,2,3,1,8
2022,"202224BCEAR_cere","202224BCEAR_cere",4.8,3.5,"2022-June-03","2023-April-10","Cerete. Cordoba, Colombia",NA,"202224BCEAR_cere_rep2_SM5008-19_40",2,40,1,8,"test"," (Operator: lizbethpino, Time: )","SM5008-19","test",8.916666667,-76,101,"Cordoba","Colombia","Subhumid lowland tropics","cere",2.5,3.8,16.2,8.5,4,1,30.4277614138439,33.7,20,18.6507936507936,6,70,18.6507936507936,5.67501899385184,9.4,1,5,1,14,6.7,12,20,4,260,30,6,3,1,3,3,NA,3700,305,18,14,1,3,1,5
2022,"202224BCEAR_cere","202224BCEAR_cere",4.8,3.5,"2022-June-03","2023-April-10","Cerete. Cordoba, Colombia",NA,"202224BCEAR_cere_rep2_SM5008-25_60",2,60,6,5,"test"," (Operator: lizbethpino, Time: )","SM5008-25","test",8.916666667,-76,101,"Cordoba","Colombia","Subhumid lowland tropics","cere",NA,NA,12.5,7.5,1,1,28.0257918552036,30.4,220,4.86111111111111,6,30,4.86111111111111,1.36236488185018,2.45,1,4,1,2,1.7,8,20,3,260,50,1,3,1,4,3,NA,2375,165,1,6,2,3,1,4
2022,"202224BCEAR_cere","202224BCEAR_cere",4.8,3.5,"2022-June-03","2023-April-10","Cerete. Cordoba, Colombia",NA,"202224BCEAR_cere_rep2_SM5008-33_38",2,38,1,6,"test"," (Operator: lizbethpino, Time: )","SM5008-33","test",8.916666667,-76,101,"Cordoba","Colombia","Subhumid lowland tropics","cere",NA,NA,9.4,3.2,3,1,NA,37.4,140,18.8492063492064,6,90,18.8492063492063,NA,9.5,1,3,1,8,4.1,10,20,2,270,30,5,3,2,2,2,NA,2250,490,28,18,3,3,1,4
2022,"202224BCEAR_cere","202224BCEAR_cere",4.8,3.5,"2022-June-03","2023-April-10","Cerete. Cordoba, Colombia","Caiseli,Caiselli,CAISELLI","202224BCEAR_cere_rep2_SMB2446-2_72",2,72,9,8,"check"," (Operator: lizbethpino, Time: )","SMB2446-2_is_Caiseli","check_released",8.916666667,-76,101,"Cordoba","Colombia","Subhumid lowland tropics","cere",5.6,11.2,2.2,1.6,0,1,37.7259638874137,40,190,22.6190476190476,6,100,22.6190476190476,8.53325373643881,11.4,1,5,1,13,5.65,8,20,2,190,30,6,3,2,2,2,NA,4278,512,37,20,1,3,1,1
2022,"202224BCEAR_cere","202224BCEAR_cere",4.8,3.5,"2022-June-03","2023-April-10","Cerete. Cordoba, Colombia","Tai8","202224BCEAR_cere_rep2_TAI8_67",2,67,8,6,"check"," (Operator: lizbethpino, Time: )","TAI8_is_TAI","check_released",8.916666667,-76,101,"Cordoba","Colombia","Subhumid lowland tropics","cere",2.8,4.1,2.5,1.5,1,1,36.9675060597899,37.7,100,24.1071428571429,6,95,24.1071428571429,8.91180949655649,12.15,1,4,1,15,8.05,8,20,2,150,20,6,1,2,2,1,NA,4200,487,29,19,1,3,1,2
2022,"202224BCEAR_cere","202224BCEAR_cere",4.8,3.5,"2022-June-03","2023-April-10","Cerete. Cordoba, Colombia",NA,"202224BCEAR_cere_rep3_CG1141-1_108",3,108,9,12,"check"," (Operator: lizbethpino, Time: )","CG1141-1_is_Costena","check_released",8.916666667,-76,101,"Cordoba","Colombia","Subhumid lowland tropics","cere",NA,NA,NA,NA,1,1,33.7730937348227,NA,90,25.7936507936508,6,100,25.7936507936508,8.71131386017252,13,1,4,1,13,6.1,8,20,2,220,NA,5,3,1,1,2,NA,4575,457,40,20,1,3,1,1
2022,"202224BCEAR_cere","202224BCEAR_cere",4.8,3.5,"2022-June-03","2023-April-10","Cerete. Cordoba, Colombia",NA,"202224BCEAR_cere_rep3_CG1141-1_78",3,78,2,11,"check"," (Operator: lizbethpino, Time: )","CG1141-1_is_Costena","check_released",8.916666667,-76,101,"Cordoba","Colombia","Subhumid lowland tropics","cere",NA,NA,NA,NA,0,1,38.3142095053346,NA,190,25.7936507936508,6,95,25.7936507936508,9.88263340415376,13,1,5,1,13,7.05,8,20,1,190,40,5,3,1,1,2,NA,4700,576,27,19,1,3,1,1
2022,"202224BCEAR_cere","202224BCEAR_cere",4.8,3.5,"2022-June-03","2023-April-10","Cerete. Cordoba, Colombia",NA,"202224BCEAR_cere_rep3_CM4919-1_96",3,96,6,9,"check"," (Operator: lizbethpino, Time: )","CM4919-1_is_Veronica","check_released",8.916666667,-76,101,"Cordoba","Colombia","Subhumid lowland tropics","cere",NA,NA,NA,NA,0,1,36.3879570941004,NA,220,21.031746031746,6,100,21.031746031746,7.65302272217191,10.6,1,4,1,13,6.5,10,20,2,220,60,5,3,1,2,3,NA,4625,523,18,20,1,3,1,4
2022,"202224BCEAR_cere","202224BCEAR_cere",4.8,3.5,"2022-June-03","2023-April-10","Cerete. Cordoba, Colombia",NA,"202224BCEAR_cere_rep3_COL2215_79",3,79,2,10,"check"," (Operator: lizbethpino, Time: )","COL2215_is_Venezolana","check_released",8.916666667,-76,101,"Cordoba","Colombia","Subhumid lowland tropics","cere",NA,NA,NA,NA,3,1,40.2771889400921,NA,110,26.5873015873016,6,100,26.5873015873016,10.7086176943896,13.4,1,5,1,16,10.4,8,20,3,250,20,6,3,1,1,3,NA,4000,528,14,20,2,3,1,1
2022,"202224BCEAR_cere","202224BCEAR_cere",4.8,3.5,"2022-June-03","2023-April-10","Cerete. Cordoba, Colombia",NA,"202224BCEAR_cere_rep3_COL2215_91",3,91,5,11,"check"," (Operator: lizbethpino, Time: )","COL2215_is_Venezolana","check_released",8.916666667,-76,101,"Cordoba","Colombia","Subhumid lowland tropics","cere",NA,NA,NA,NA,3,1,39.8355659911023,NA,100,23.6111111111111,6,95,23.6111111111111,9.40561974789915,11.9,1,5,1,12,5.85,6,20,3,190,10,5,3,1,3,2,NA,4650,604,29,19,2,3,1,1
2022,"202224BCEAR_cere","202224BCEAR_cere",4.8,3.5,"2022-June-03","2023-April-10","Cerete. Cordoba, Colombia",NA,"202224BCEAR_cere_rep3_GM10299-1_100",3,100,7,12,"test"," (Operator: lizbethpino, Time: )","GM10299-1","test",8.916666667,-76,101,"Cordoba","Colombia","Subhumid lowland tropics","cere",NA,NA,NA,NA,2,1,28.3298002219756,NA,90,25.8928571428571,6,65,25.8928571428571,7.33539470033297,13.05,1,4,3,13,6.35,6,20,3,220,40,5,3,1,2,2,NA,4850,345,44,13,2,3,1,8
2022,"202224BCEAR_cere","202224BCEAR_cere",4.8,3.5,"2022-June-03","2023-April-10","Cerete. Cordoba, Colombia",NA,"202224BCEAR_cere_rep3_GM11213-2_86",3,86,4,11,"test"," (Operator: lizbethpino, Time: )","GM11213-2","test",8.916666667,-76,101,"Cordoba","Colombia","Subhumid lowland tropics","cere",NA,NA,NA,NA,1,1,31.2645480359678,NA,110,15.0793650793651,6,75,15.0793650793651,4.71449533875705,7.6,1,5,1,6,3.15,10,20,1,280,50,3,3,2,2,2,NA,4628,402,25,15,2,3,1,5
2022,"202224BCEAR_cere","202224BCEAR_cere",4.8,3.5,"2022-June-03","2023-April-10","Cerete. Cordoba, Colombia",NA,"202224BCEAR_cere_rep3_GM11319-3_81",3,81,3,9,"test"," (Operator: lizbethpino, Time: )","GM11319-3","test",8.916666667,-76,101,"Cordoba","Colombia","Subhumid lowland tropics","cere",NA,NA,NA,NA,2,1,42.5791153736043,NA,220,16.8650793650794,6,100,16.8650793650794,7.18100160070707,8.5,1,5,1,8,3.7,10,20,1,260,20,6,2,1,1,3,NA,4075,582,25,20,2,3,1,5
2022,"202224BCEAR_cere","202224BCEAR_cere",4.8,3.5,"2022-June-03","2023-April-10","Cerete. Cordoba, Colombia",NA,"202224BCEAR_cere_rep3_GM11365-2_107",3,107,9,11,"test"," (Operator: lizbethpino, Time: )","GM11365-2","test",8.916666667,-76,101,"Cordoba","Colombia","Subhumid lowland tropics","cere",NA,NA,NA,NA,1,1,33.8655214227971,NA,90,15.5753968253968,6,100,15.5753968253968,5.27468934859042,7.85,1,5,1,9,4.45,6,20,3,200,50,5,3,1,3,2,NA,4125,414,32,20,2,3,1,6
2022,"202224BCEAR_cere","202224BCEAR_cere",4.8,3.5,"2022-June-03","2023-April-10","Cerete. Cordoba, Colombia",NA,"202224BCEAR_cere_rep3_GM11365-3_93",3,93,6,12,"test"," (Operator: lizbethpino, Time: )","GM11365-3","test",8.916666667,-76,101,"Cordoba","Colombia","Subhumid lowland tropics","cere",NA,NA,NA,NA,2,1,43.3031024171443,NA,120,19.1468253968254,6,100,19.1468253968254,8.2911694112191,9.65,1,5,1,6,3,10,20,3,280,10,5,3,1,3,2,NA,4700,687,29,20,3,3,1,8
2022,"202224BCEAR_cere","202224BCEAR_cere",4.8,3.5,"2022-June-03","2023-April-10","Cerete. Cordoba, Colombia",NA,"202224BCEAR_cere_rep3_GM11470-9_99",3,99,7,11,"test"," (Operator: lizbethpino, Time: )","GM11470-9","test",8.916666667,-76,101,"Cordoba","Colombia","Subhumid lowland tropics","cere",NA,NA,NA,NA,3,1,27.5142857142857,NA,40,3.57142857142857,6,80,3.57142857142857,0.982653061224489,1.8,1,2,2,0,0,6,20,4,140,10,3,3,1,4,1,NA,1650,110,10,16,2,3,3,6
2022,"202224BCEAR_cere","202224BCEAR_cere",4.8,3.5,"2022-June-03","2023-April-10","Cerete. Cordoba, Colombia",NA,"202224BCEAR_cere_rep3_GM3426-5_88",3,88,4,9,"check"," (Operator: lizbethpino, Time: )","GM3426-5","test",8.916666667,-76,101,"Cordoba","Colombia","Subhumid lowland tropics","cere",NA,NA,NA,NA,0,1,35.0932954545455,NA,280,28.4722222222222,6,100,28.4722222222222,9.9918410669192,14.35,1,5,1,11,5.7,2,20,2,280,40,6,3,1,2,3,NA,4925,525,41,20,3,3,1,5
2022,"202224BCEAR_cere","202224BCEAR_cere",4.8,3.5,"2022-June-03","2023-April-10","Cerete. Cordoba, Colombia",NA,"202224BCEAR_cere_rep3_GM3426-5_95",3,95,6,10,"check"," (Operator: lizbethpino, Time: )","GM3426-5","test",8.916666667,-76,101,"Cordoba","Colombia","Subhumid lowland tropics","cere",NA,NA,NA,NA,5,1,35.7921832551247,NA,130,23.2142857142857,6,85,23.2142857142857,8.30889968422538,11.7,1,5,1,7,3.9,10,20,1,270,3,6,3,2,3,3,NA,4550,501,32,17,3,3,1,4
2022,"202224BCEAR_cere","202224BCEAR_cere",4.8,3.5,"2022-June-03","2023-April-10","Cerete. Cordoba, Colombia",NA,"202224BCEAR_cere_rep3_GM4486-11_106",3,106,9,10,"test"," (Operator: lizbethpino, Time: )","GM4486-11","test",8.916666667,-76,101,"Cordoba","Colombia","Subhumid lowland tropics","cere",NA,NA,NA,NA,1,1,33.4022435056416,NA,110,14.2857142857143,6,90,14.2857142857143,4.77174907223451,7.2,1,4,1,7,3.1,6,20,2,230,40,5,3,1,2,1,NA,4225,414,30,18,2,3,1,7
2022,"202224BCEAR_cere","202224BCEAR_cere",4.8,3.5,"2022-June-03","2023-April-10","Cerete. Cordoba, Colombia",NA,"202224BCEAR_cere_rep3_GM8560-13_77",3,77,2,12,"test"," (Operator: lizbethpino, Time: )","GM8560-13","test",8.916666667,-76,101,"Cordoba","Colombia","Subhumid lowland tropics","cere",NA,NA,NA,NA,1,1,34.4370211693548,NA,250,13.7896825396825,6,75,13.7896825396825,4.7487558953773,6.95,1,2,1,8,4.8,10,20,2,280,70,4,3,2,4,2,NA,4425,457,9,15,3,3,1,4
2022,"202224BCEAR_cere","202224BCEAR_cere",4.8,3.5,"2022-June-03","2023-April-10","Cerete. Cordoba, Colombia",NA,"202224BCEAR_cere_rep3_GM9404-1_84",3,84,3,12,"test"," (Operator: lizbethpino, Time: )","GM9404-1","test",8.916666667,-76,101,"Cordoba","Colombia","Subhumid lowland tropics","cere",NA,NA,NA,NA,3,1,33.7423578199052,NA,140,13.0952380952381,6,95,13.0952380952381,4.41864209546378,6.6,1,4,1,5,2.25,8,20,2,330,40,5,3,1,3,3,NA,3750,374,24,19,3,3,1,5
2022,"202224BCEAR_cere","202224BCEAR_cere",4.8,3.5,"2022-June-03","2023-April-10","Cerete. Cordoba, Colombia",NA,"202224BCEAR_cere_rep3_SM3536-44_76",3,76,1,12,"test"," (Operator: lizbethpino, Time: )","SM3536-44","test",8.916666667,-76,101,"Cordoba","Colombia","Subhumid lowland tropics","cere",NA,NA,NA,NA,3,1,30.2379089301503,NA,110,23.2142857142857,6,60,23.2142857142857,7.0195145730706,11.7,1,5,1,10,8.3,10,20,1,200,50,3,3,2,2,3,NA,4925,401,12,12,1,3,1,5
2022,"202224BCEAR_cere","202224BCEAR_cere",4.8,3.5,"2022-June-03","2023-April-10","Cerete. Cordoba, Colombia",NA,"202224BCEAR_cere_rep3_SM4569-17_92",3,92,5,12,"test"," (Operator: lizbethpino, Time: )","SM4569-17","test",8.916666667,-76,101,"Cordoba","Colombia","Subhumid lowland tropics","cere",NA,NA,NA,NA,5,1,33.2776056974904,NA,130,27.3809523809524,6,100,27.3809523809524,9.11172536955094,13.8,1,5,1,13,6.9,10,20,1,290,40,6,3,1,2,3,NA,4900,477,38,20,3,3,1,7
2022,"202224BCEAR_cere","202224BCEAR_cere",4.8,3.5,"2022-June-03","2023-April-10","Cerete. Cordoba, Colombia",NA,"202224BCEAR_cere_rep3_SM4850-8_80",3,80,2,9,"test"," (Operator: lizbethpino, Time: )","SM4850-8","test",8.916666667,-76,101,"Cordoba","Colombia","Subhumid lowland tropics","cere",NA,NA,NA,NA,1,1,34.9746085011186,NA,160,22.3214285714286,6,95,22.3214285714286,7.80683225471397,11.25,1,5,1,12,6,10,20,2,280,40,6,3,1,1,1,NA,5000,530,36,19,1,3,1,4
2022,"202224BCEAR_cere","202224BCEAR_cere",4.8,3.5,"2022-June-03","2023-April-10","Cerete. Cordoba, Colombia",NA,"202224BCEAR_cere_rep3_SM4891-13_98",3,98,7,10,"test"," (Operator: lizbethpino, Time: )","SM4891-13","test",8.916666667,-76,101,"Cordoba","Colombia","Subhumid lowland tropics","cere",NA,NA,NA,NA,2,1,36.0682950191571,NA,90,39.2857142857143,6,100,39.2857142857143,14.1696873289546,19.8,1,5,1,15,11.65,10,20,2,230,40,6,3,1,1,3,NA,4700,524,37,20,2,3,1,5
2022,"202224BCEAR_cere","202224BCEAR_cere",4.8,3.5,"2022-June-03","2023-April-10","Cerete. Cordoba, Colombia",NA,"202224BCEAR_cere_rep3_SM4897-22_97",3,97,7,9,"test"," (Operator: lizbethpino, Time: )","SM4897-22","test",8.916666667,-76,101,"Cordoba","Colombia","Subhumid lowland tropics","cere",NA,NA,NA,NA,4,1,34.0711780575539,NA,140,15.3769841269841,6,75,15.3769841269841,5.23911964178656,7.75,1,4,1,8,4.7,10,20,2,230,20,4,3,1,2,3,NA,4950,502,16,15,3,3,4,8
2022,"202224BCEAR_cere","202224BCEAR_cere",4.8,3.5,"2022-June-03","2023-April-10","Cerete. Cordoba, Colombia",NA,"202224BCEAR_cere_rep3_SM4922-6_105",3,105,9,9,"test"," (Operator: lizbethpino, Time: )","SM4922-6","test",8.916666667,-76,101,"Cordoba","Colombia","Subhumid lowland tropics","cere",NA,NA,NA,NA,1,1,38.679012345679,NA,100,24.5039682539683,6,90,24.5039682539682,9.47789290613364,12.35,1,5,1,8,4.2,10,20,2,220,40,6,3,1,3,2,NA,4625,575,55,18,2,3,1,7
2022,"202224BCEAR_cere","202224BCEAR_cere",4.8,3.5,"2022-June-03","2023-April-10","Cerete. Cordoba, Colombia",NA,"202224BCEAR_cere_rep3_SM4952-5_82",3,82,3,10,"test"," (Operator: lizbethpino, Time: )","SM4952-5","test",8.916666667,-76,101,"Cordoba","Colombia","Subhumid lowland tropics","cere",NA,NA,NA,NA,2,1,38.1383797957494,NA,130,15.2777777777778,6,100,15.2777777777778,5.82669691323949,7.7,1,5,1,6,3.1,10,20,2,250,30,5,3,1,2,3,NA,4125,502,29,20,3,3,1,5
2022,"202224BCEAR_cere","202224BCEAR_cere",4.8,3.5,"2022-June-03","2023-April-10","Cerete. Cordoba, Colombia",NA,"202224BCEAR_cere_rep3_SM4955-23_94",3,94,6,11,"test"," (Operator: lizbethpino, Time: )","SM4955-23","test",8.916666667,-76,101,"Cordoba","Colombia","Subhumid lowland tropics","cere",NA,NA,NA,NA,0,1,30.9934665226781,NA,260,15.0793650793651,6,100,15.0793650793651,4.67361796770543,7.6,1,5,1,2,0.6,6,20,3,260,50,6,3,2,3,2,NA,4050,346,51,20,3,3,1,5
2022,"202224BCEAR_cere","202224BCEAR_cere",4.8,3.5,"2022-June-03","2023-April-10","Cerete. Cordoba, Colombia",NA,"202224BCEAR_cere_rep3_SM4956-10_90",3,90,5,10,"test"," (Operator: lizbethpino, Time: )","SM4956-10","test",8.916666667,-76,101,"Cordoba","Colombia","Subhumid lowland tropics","cere",NA,NA,NA,NA,3,1,31.797691927919,NA,120,13.7896825396825,6,100,13.7896825396825,4.38480077180629,6.95,1,4,1,5,2.7,10,20,2,260,40,6,3,1,3,2,NA,4450,399,28,20,2,3,1,6
2022,"202224BCEAR_cere","202224BCEAR_cere",4.8,3.5,"2022-June-03","2023-April-10","Cerete. Cordoba, Colombia",NA,"202224BCEAR_cere_rep3_SM4956-6_75",3,75,1,11,"test"," (Operator: lizbethpino, Time: )","SM4956-6","test",8.916666667,-76,101,"Cordoba","Colombia","Subhumid lowland tropics","cere",NA,NA,NA,NA,4,1,30.6655397390273,NA,140,25.7936507936508,6,45,25.7936507936508,7.90976223427291,13,1,5,1,11,9.9,12,20,1,310,40,3,3,1,1,3,NA,4600,385,12,9,2,3,1,5
2022,"202224BCEAR_cere","202224BCEAR_cere",4.8,3.5,"2022-June-03","2023-April-10","Cerete. Cordoba, Colombia",NA,"202224BCEAR_cere_rep3_SM4957-2_74",3,74,1,10,"test"," (Operator: lizbethpino, Time: )","SM4957-2","test",8.916666667,-76,101,"Cordoba","Colombia","Subhumid lowland tropics","cere",NA,NA,NA,NA,3,1,31.65,NA,70,0.892857142857143,6,80,0.892857142857143,0.282589285714286,0.45,1,2,1,0,0,10,20,1,190,10,4,1,1,5,1,NA,450,40,3,16,1,2,4,7
2022,"202224BCEAR_cere","202224BCEAR_cere",4.8,3.5,"2022-June-03","2023-April-10","Cerete. Cordoba, Colombia",NA,"202224BCEAR_cere_rep3_SM4963-25_101",3,101,8,12,"test"," (Operator: lizbethpino, Time: )","SM4963-25","test",8.916666667,-76,101,"Cordoba","Colombia","Subhumid lowland tropics","cere",NA,NA,NA,NA,1,1,35.5155287658152,NA,120,20.4365079365079,6,95,20.4365079365079,7.25813385491858,10.3,1,5,1,13,8,10,20,2,300,50,5,3,1,2,3,NA,4700,511,12,19,1,3,1,6
2022,"202224BCEAR_cere","202224BCEAR_cere",4.8,3.5,"2022-June-03","2023-April-10","Cerete. Cordoba, Colombia",NA,"202224BCEAR_cere_rep3_SM4989-6_89",3,89,5,9,"test"," (Operator: lizbethpino, Time: )","SM4989-6","test",8.916666667,-76,101,"Cordoba","Colombia","Subhumid lowland tropics","cere",NA,NA,NA,NA,0,1,32.5155757575757,NA,340,17.0634920634921,6,100,17.0634920634921,5.54829268879268,8.6,1,5,1,5,1.8,12,20,1,340,60,6,3,1,2,3,NA,4550,425,35,20,2,3,1,6
2022,"202224BCEAR_cere","202224BCEAR_cere",4.8,3.5,"2022-June-03","2023-April-10","Cerete. Cordoba, Colombia",NA,"202224BCEAR_cere_rep3_SM4993-9_83",3,83,3,11,"test"," (Operator: lizbethpino, Time: )","SM4993-9","test",8.916666667,-76,101,"Cordoba","Colombia","Subhumid lowland tropics","cere",NA,NA,NA,NA,4,1,39.6034154535274,NA,130,3.47222222222222,6,35,3.47222222222222,1.37511859213637,1.75,1,5,1,0,0,10,20,2,260,20,1,3,2,2,3,NA,1025,132,9,7,3,3,1,5
2022,"202224BCEAR_cere","202224BCEAR_cere",4.8,3.5,"2022-June-03","2023-April-10","Cerete. Cordoba, Colombia",NA,"202224BCEAR_cere_rep3_SM5007-37_73",3,73,1,9,"test"," (Operator: lizbethpino, Time: )","SM5007-37","test",8.916666667,-76,101,"Cordoba","Colombia","Subhumid lowland tropics","cere",NA,NA,NA,NA,4,1,36.7597807757167,NA,30,11.4087301587302,6,95,11.4087301587302,4.19382419564228,5.75,1,5,1,6,3.75,8,20,4,220,NA,5,3,1,3,2,NA,3350,385,16,19,3,3,1,5
2022,"202224BCEAR_cere","202224BCEAR_cere",4.8,3.5,"2022-June-03","2023-April-10","Cerete. Cordoba, Colombia",NA,"202224BCEAR_cere_rep3_SM5008-19_87",3,87,4,10,"test"," (Operator: lizbethpino, Time: )","SM5008-19","test",8.916666667,-76,101,"Cordoba","Colombia","Subhumid lowland tropics","cere",NA,NA,NA,NA,3,1,32.135534591195,NA,100,18.0555555555556,6,75,18.0555555555556,5.80224930118798,9.1,1,4,1,7,2.6,8,20,3,250,40,4,3,2,2,2,NA,4550,416,30,15,1,3,1,4
2022,"202224BCEAR_cere","202224BCEAR_cere",4.8,3.5,"2022-June-03","2023-April-10","Cerete. Cordoba, Colombia",NA,"202224BCEAR_cere_rep3_SM5008-25_104",3,104,8,9,"test"," (Operator: lizbethpino, Time: )","SM5008-25","test",8.916666667,-76,101,"Cordoba","Colombia","Subhumid lowland tropics","cere",NA,NA,NA,NA,3,1,31.9627314814815,NA,90,21.4285714285714,6,20,21.4285714285714,6.84915674603175,10.8,1,4,1,17,8.6,8,20,3,230,40,3,3,2,2,3,NA,4750,430,17,4,2,3,2,7
2022,"202224BCEAR_cere","202224BCEAR_cere",4.8,3.5,"2022-June-03","2023-April-10","Cerete. Cordoba, Colombia",NA,"202224BCEAR_cere_rep3_SM5008-33_102",3,102,8,11,"test"," (Operator: lizbethpino, Time: )","SM5008-33","test",8.916666667,-76,101,"Cordoba","Colombia","Subhumid lowland tropics","cere",NA,NA,NA,NA,2,1,36.0120672601385,NA,140,26.0912698412698,6,90,26.0912698412698,9.39600564426233,13.15,1,5,1,12,5.9,12,20,2,260,40,6,3,1,2,2,NA,4550,506,40,18,3,3,1,6
2022,"202224BCEAR_cere","202224BCEAR_cere",4.8,3.5,"2022-June-03","2023-April-10","Cerete. Cordoba, Colombia","Caiseli,Caiselli,CAISELLI","202224BCEAR_cere_rep3_SMB2446-2_103",3,103,8,10,"check"," (Operator: lizbethpino, Time: )","SMB2446-2_is_Caiseli","check_released",8.916666667,-76,101,"Cordoba","Colombia","Subhumid lowland tropics","cere",NA,NA,NA,NA,0,1,36.3332320162107,NA,120,27.3809523809524,6,85,27.3809523809524,9.9483849568196,13.8,1,4,1,7,7.8,6,20,3,120,20,4,3,1,2,2,NA,4450,502,25,17,1,3,2,1
2022,"202224BCEAR_cere","202224BCEAR_cere",4.8,3.5,"2022-June-03","2023-April-10","Cerete. Cordoba, Colombia","Tai8","202224BCEAR_cere_rep3_TAI8_85",3,85,4,12,"check"," (Operator: lizbethpino, Time: )","TAI8_is_TAI","check_released",8.916666667,-76,101,"Cordoba","Colombia","Subhumid lowland tropics","cere",NA,NA,NA,NA,1,1,38.5728260869565,NA,120,26.6865079365079,6,80,26.6865079365079,10.293740295031,13.45,1,4,1,13,7.9,10,20,2,250,40,6,1,1,2,2,NA,4725,585,25,16,1,3,1,2
2022,"202255BCEAR_stom","202255BCEAR_stom",4,4,"2022-August-05","2023-April-10","Santo Tomas. Atlantico, Colombia",NA,"202255BCEAR_stom_rep1_GM10299-1_16",1,16,4,1,"test"," (Operator: lizbethpino, Time: )","GM10299-1","test",10.75,-74.81666667,59,"Atlantico","Colombia","Subhumid lowland tropics","stom",NA,NA,NA,NA,2,NA,24.212685265911,NA,110,26.6666666666667,6,60,26.6666666666667,6.4567160709096,12.8,NA,4,2,31,10.3,10,20,3,230,30,6,3,1,1,3,63,4820,232,1,12,2,3,1,4
2022,"202255BCEAR_stom","202255BCEAR_stom",4,4,"2022-August-05","2023-April-10","Santo Tomas. Atlantico, Colombia",NA,"202255BCEAR_stom_rep1_GM11213-2_11",1,11,3,3,"test"," (Operator: lizbethpino, Time: )","GM11213-2","test",10.75,-74.81666667,59,"Atlantico","Colombia","Subhumid lowland tropics","stom",NA,NA,NA,NA,2,NA,34.2024361948956,NA,130,8.33333333333333,6,95,8.33333333333333,2.8502030162413,4,NA,4,1,9,1.3,10,20,3,170,20,6,3,1,3,2,45,3360,343,0,19,2,3,1,6
2022,"202255BCEAR_stom","202255BCEAR_stom",4,4,"2022-August-05","2023-April-10","Santo Tomas. Atlantico, Colombia",NA,"202255BCEAR_stom_rep1_GM11319-3_13",1,13,4,4,"test"," (Operator: lizbethpino, Time: )","GM11319-3","test",10.75,-74.81666667,59,"Atlantico","Colombia","Subhumid lowland tropics","stom",NA,NA,NA,NA,4,NA,31.5284077892325,NA,120,8.54166666666666,6,100,8.54166666666667,2.69305149866361,4.1,NA,4,1,11,1.9,10,20,3,200,30,6,2,1,3,2,44,3830,338,0,20,2,3,1,6
2022,"202255BCEAR_stom","202255BCEAR_stom",4,4,"2022-August-05","2023-April-10","Santo Tomas. Atlantico, Colombia",NA,"202255BCEAR_stom_rep1_GM11365-2_10",1,10,3,2,"test"," (Operator: lizbethpino, Time: )","GM11365-2","test",10.75,-74.81666667,59,"Atlantico","Colombia","Subhumid lowland tropics","stom",NA,NA,NA,NA,4,NA,29.9148097076668,NA,50,8.95833333333333,6,45,8.95833333333333,2.67986836964515,4.3,NA,3,1,14,2.9,8,20,3,150,20,6,3,1,3,2,29,3940,314,1,9,2,3,1,6
2022,"202255BCEAR_stom","202255BCEAR_stom",4,4,"2022-August-05","2023-April-10","Santo Tomas. Atlantico, Colombia",NA,"202255BCEAR_stom_rep1_GM11365-3_2",1,2,1,2,"test","Frutos (Operator: lizbethpino, Time: ),  (Operator: lizbethpino, Time: )","GM11365-3","test",10.75,-74.81666667,59,"Atlantico","Colombia","Subhumid lowland tropics","stom",NA,NA,NA,NA,4,NA,29.2577958496915,NA,70,8.33333333333333,6,60,8.33333333333333,2.43814965414096,4,NA,4,1,9,2.5,8,20,3,200,20,4,3,1,3,3,26,3860,294,0,12,2,3,1,6
2022,"202255BCEAR_stom","202255BCEAR_stom",4,4,"2022-August-05","2023-April-10","Santo Tomas. Atlantico, Colombia",NA,"202255BCEAR_stom_rep1_GM11470-9_31",1,31,8,2,"test"," (Operator: lizbethpino, Time: )","GM11470-9","test",10.75,-74.81666667,59,"Atlantico","Colombia","Subhumid lowland tropics","stom",NA,NA,NA,NA,3,NA,29.0418918918919,NA,60,11.0416666666667,6,70,11.0416666666667,3.2067088963964,5.3,NA,3,1,16,4.1,10,20,4,140,20,6,3,1,2,3,30,4640,348,2,14,1,2,1,5
2022,"202255BCEAR_stom","202255BCEAR_stom",4,4,"2022-August-05","2023-April-10","Santo Tomas. Atlantico, Colombia",NA,"202255BCEAR_stom_rep1_GM4486-11_26",1,26,7,2,"test"," (Operator: lizbethpino, Time: )","GM4486-11","test",10.75,-74.81666667,59,"Atlantico","Colombia","Subhumid lowland tropics","stom",NA,NA,NA,NA,0,NA,28.8392269326683,NA,150,9.16666666666667,6,75,9.16666666666667,2.64359580216126,4.4,NA,3,1,6,1.7,8,20,4,150,20,6,3,1,2,3,38,4330,320,1,15,2,3,1,4
2022,"202255BCEAR_stom","202255BCEAR_stom",4,4,"2022-August-05","2023-April-10","Santo Tomas. Atlantico, Colombia",NA,"202255BCEAR_stom_rep1_GM8560-13_30",1,30,8,3,"test"," (Operator: lizbethpino, Time: )","GM8560-13","test",10.75,-74.81666667,59,"Atlantico","Colombia","Subhumid lowland tropics","stom",NA,NA,NA,NA,1,NA,34.1471915747242,NA,140,7.5,6,95,7.5,2.56103936810431,3.6,NA,4,1,8,1.4,10,20,3,180,30,6,3,1,3,3,34,3330,339,1,19,2,3,1,6
2022,"202255BCEAR_stom","202255BCEAR_stom",4,4,"2022-August-05","2023-April-10","Santo Tomas. Atlantico, Colombia",NA,"202255BCEAR_stom_rep1_GM9404-1_1",1,1,1,1,"test"," (Operator: lizbethpino, Time: )","GM9404-1","test",10.75,-74.81666667,59,"Atlantico","Colombia","Subhumid lowland tropics","stom",NA,NA,NA,NA,3,NA,29.1106429391504,NA,130,10.8333333333333,6,80,10.8333333333333,3.15365298507463,5.2,NA,3,1,12,2.4,10,20,3,170,30,6,3,1,3,2,39,4710,355,0,16,2,3,1,5
2022,"202255BCEAR_stom","202255BCEAR_stom",4,4,"2022-August-05","2023-April-10","Santo Tomas. Atlantico, Colombia",NA,"202255BCEAR_stom_rep1_SM3536-44_19",1,19,5,3,"test"," (Operator: lizbethpino, Time: )","SM3536-44","test",10.75,-74.81666667,59,"Atlantico","Colombia","Subhumid lowland tropics","stom",NA,NA,NA,NA,3,NA,27.0716950713957,NA,100,12.5,6,70,12.5,3.38396188392446,6,NA,3,1,20,4.7,10,20,3,180,20,6,3,1,2,3,37,4640,298,0,14,2,3,1,4
2022,"202255BCEAR_stom","202255BCEAR_stom",4,4,"2022-August-05","2023-April-10","Santo Tomas. Atlantico, Colombia",NA,"202255BCEAR_stom_rep1_SM4569-17_3",1,3,1,3,"test"," (Operator: lizbethpino, Time: )","SM4569-17","test",10.75,-74.81666667,59,"Atlantico","Colombia","Subhumid lowland tropics","stom",NA,NA,NA,NA,3,NA,30.0993201483313,NA,95,9.58333333333333,6,100,9.58333333333333,2.88451818088175,4.6,NA,4,1,14,2.5,10,20,3,180,10,6,3,1,3,3,49,3520,284,0,20,2,3,1,5
2022,"202255BCEAR_stom","202255BCEAR_stom",4,4,"2022-August-05","2023-April-10","Santo Tomas. Atlantico, Colombia",NA,"202255BCEAR_stom_rep1_SM4850-8_6",1,6,2,3,"test"," (Operator: lizbethpino, Time: )","SM4850-8","test",10.75,-74.81666667,59,"Atlantico","Colombia","Subhumid lowland tropics","stom",NA,NA,NA,NA,4,NA,35.6641597510373,NA,100,9.16666666666667,6,100,9.16666666666667,3.26921464384509,4.4,NA,4,1,13,3,10,20,2,210,20,6,3,1,3,2,29,4330,474,0,20,2,3,1,6
2022,"202255BCEAR_stom","202255BCEAR_stom",4,4,"2022-August-05","2023-April-10","Santo Tomas. Atlantico, Colombia",NA,"202255BCEAR_stom_rep1_SM4891-13_24",1,24,6,1,"test"," (Operator: lizbethpino, Time: )","SM4891-13","test",10.75,-74.81666667,59,"Atlantico","Colombia","Subhumid lowland tropics","stom",NA,NA,NA,NA,2,NA,28.3298002219756,NA,130,15,6,55,15,4.24947003329634,7.2,NA,4,1,16,5.4,10,20,3,220,20,6,3,1,2,3,30,4850,345,5,11,2,3,1,5
2022,"202255BCEAR_stom","202255BCEAR_stom",4,4,"2022-August-05","2023-April-10","Santo Tomas. Atlantico, Colombia",NA,"202255BCEAR_stom_rep1_SM4897-22_17",1,17,5,1,"test"," (Operator: lizbethpino, Time: )","SM4897-22","test",10.75,-74.81666667,59,"Atlantico","Colombia","Subhumid lowland tropics","stom",NA,NA,NA,NA,1,NA,26.8735080213904,NA,155,17.9166666666667,6,45,17.9166666666667,4.81483685383245,8.6,NA,3,1,17,7,8,20,3,190,30,6,3,1,2,3,37,4990,315,0,9,2,3,1,5
2022,"202255BCEAR_stom","202255BCEAR_stom",4,4,"2022-August-05","2023-April-10","Santo Tomas. Atlantico, Colombia",NA,"202255BCEAR_stom_rep1_SM4922-6_25",1,25,7,1,"test"," (Operator: lizbethpino, Time: )","SM4922-6","test",10.75,-74.81666667,59,"Atlantico","Colombia","Subhumid lowland tropics","stom",NA,NA,NA,NA,2,NA,27.79,NA,160,13.125,6,50,13.125,3.6474375,6.3,NA,3,1,23,4.9,10,20,2,210,20,6,3,1,2,2,50,4840,330,7,10,2,2,1,6
2022,"202255BCEAR_stom","202255BCEAR_stom",4,4,"2022-August-05","2023-April-10","Santo Tomas. Atlantico, Colombia",NA,"202255BCEAR_stom_rep1_SM4952-5_29",1,29,8,4,"test"," (Operator: lizbethpino, Time: )","SM4952-5","test",10.75,-74.81666667,59,"Atlantico","Colombia","Subhumid lowland tropics","stom",NA,NA,NA,NA,2,NA,29.597385047385,NA,110,10.8333333333333,6,95,10.8333333333333,3.20638338013337,5.2,NA,4,1,11,2.6,10,20,3,200,20,6,3,1,2,3,33,3090,241,3,19,2,3,1,5
2022,"202255BCEAR_stom","202255BCEAR_stom",4,4,"2022-August-05","2023-April-10","Santo Tomas. Atlantico, Colombia",NA,"202255BCEAR_stom_rep1_SM4955-23_28",1,28,7,4,"test"," (Operator: lizbethpino, Time: )","SM4955-23","test",10.75,-74.81666667,59,"Atlantico","Colombia","Subhumid lowland tropics","stom",NA,NA,NA,NA,0,NA,27.8833494558646,NA,230,15.2083333333333,6,95,15.2083333333333,4.24059272974607,7.3,NA,5,1,16,4,10,20,2,230,30,6,2,1,2,3,61,4440,305,2,19,2,3,1,6
2022,"202255BCEAR_stom","202255BCEAR_stom",4,4,"2022-August-05","2023-April-10","Santo Tomas. Atlantico, Colombia",NA,"202255BCEAR_stom_rep1_SM4956-10_18",1,18,5,2,"test"," (Operator: lizbethpino, Time: )","SM4956-10","test",10.75,-74.81666667,59,"Atlantico","Colombia","Subhumid lowland tropics","stom",NA,NA,NA,NA,4,NA,22.0216077026422,NA,80,9.375,6,45,9.375,2.06452572212271,4.5,NA,4,2,12,3.5,10,20,3,210,20,6,3,1,2,3,28,4630,164,3,9,2,3,1,5
2022,"202255BCEAR_stom","202255BCEAR_stom",4,4,"2022-August-05","2023-April-10","Santo Tomas. Atlantico, Colombia",NA,"202255BCEAR_stom_rep1_SM4957-2_23",1,23,6,2,"test"," (Operator: lizbethpino, Time: )","SM4957-2","test",10.75,-74.81666667,59,"Atlantico","Colombia","Subhumid lowland tropics","stom",NA,NA,NA,NA,3,NA,25.8080364427522,NA,60,10.4166666666667,6,55,10.4166666666667,2.68833712945335,5,NA,4,1,11,2.7,10,20,3,150,20,6,1,1,2,3,48,3900,223,5,11,2,3,1,5
2022,"202255BCEAR_stom","202255BCEAR_stom",4,4,"2022-August-05","2023-April-10","Santo Tomas. Atlantico, Colombia",NA,"202255BCEAR_stom_rep1_SM4963-25_27",1,27,7,3,"test"," (Operator: lizbethpino, Time: )","SM4963-25","test",10.75,-74.81666667,59,"Atlantico","Colombia","Subhumid lowland tropics","stom",NA,NA,NA,NA,3,NA,31.1699004975124,NA,90,10,6,70,10,3.11699004975124,4.8,NA,4,1,7,1.9,10,20,3,210,20,6,3,1,3,3,33,3740,323,1,14,3,3,1,5
2022,"202255BCEAR_stom","202255BCEAR_stom",4,4,"2022-August-05","2023-April-10","Santo Tomas. Atlantico, Colombia",NA,"202255BCEAR_stom_rep1_SM4989-6_21",1,21,6,4,"test"," (Operator: lizbethpino, Time: )","SM4989-6","test",10.75,-74.81666667,59,"Atlantico","Colombia","Subhumid lowland tropics","stom",NA,NA,NA,NA,0,NA,24.3993058477072,NA,250,7.29166666666667,6,100,7.29166666666667,1.77911605139532,3.5,NA,5,1,9,1.3,10,20,2,250,30,6,3,1,3,2,44,2500,123,5,20,2,3,1,6
2022,"202255BCEAR_stom","202255BCEAR_stom",4,4,"2022-August-05","2023-April-10","Santo Tomas. Atlantico, Colombia",NA,"202255BCEAR_stom_rep1_SM4993-9_8",1,8,2,1,"test"," (Operator: lizbethpino, Time: )","SM4993-9","test",10.75,-74.81666667,59,"Atlantico","Colombia","Subhumid lowland tropics","stom",NA,NA,NA,NA,3,NA,28.3469237435008,NA,100,16.875,6,60,16.875,4.78354338171576,8.1,NA,4,1,19,5.9,10,20,3,200,20,5,3,1,2,3,43,4970,354,0,12,2,3,1,6
2022,"202255BCEAR_stom","202255BCEAR_stom",4,4,"2022-August-05","2023-April-10","Santo Tomas. Atlantico, Colombia",NA,"202255BCEAR_stom_rep1_SM5008-25_15",1,15,4,2,"test"," (Operator: lizbethpino, Time: )","SM5008-25","test",10.75,-74.81666667,59,"Atlantico","Colombia","Subhumid lowland tropics","stom",NA,NA,NA,NA,4,NA,28.1840929808569,NA,50,12.5,6,55,12.5,3.52301162260711,6,NA,4,1,14,3.3,10,20,3,230,20,6,3,1,3,3,35,4720,332,1,11,2,2,1,6
2022,"202255BCEAR_stom","202255BCEAR_stom",4,4,"2022-August-05","2023-April-10","Santo Tomas. Atlantico, Colombia",NA,"202255BCEAR_stom_rep2_GM10299-1_57",2,57,7,5,"test"," (Operator: lizbethpino, Time: )","GM10299-1","test",10.75,-74.81666667,59,"Atlantico","Colombia","Subhumid lowland tropics","stom",NA,NA,NA,NA,0,NA,24.9373208858011,NA,180,21.6666666666667,6,55,21.6666666666667,5.40308619192357,10.4,NA,4,1,22,6.1,10,20,3,180,30,6,3,1,2,3,62,4860,254,1,11,2,2,1,4
2022,"202255BCEAR_stom","202255BCEAR_stom",4,4,"2022-August-05","2023-April-10","Santo Tomas. Atlantico, Colombia",NA,"202255BCEAR_stom_rep2_GM11213-2_49",2,49,5,5,"test"," (Operator: lizbethpino, Time: )","GM11213-2","test",10.75,-74.81666667,59,"Atlantico","Colombia","Subhumid lowland tropics","stom",NA,NA,NA,NA,2,NA,29.8629629629629,NA,120,15.2083333333333,6,75,15.2083333333333,4.54165895061727,7.3,NA,4,1,22,5,10,20,3,210,20,6,3,1,2,3,52,4810,382,0,15,2,3,1,5
2022,"202255BCEAR_stom","202255BCEAR_stom",4,4,"2022-August-05","2023-April-10","Santo Tomas. Atlantico, Colombia",NA,"202255BCEAR_stom_rep2_GM11319-3_42",2,42,3,6,"test"," (Operator: lizbethpino, Time: )","GM11319-3","test",10.75,-74.81666667,59,"Atlantico","Colombia","Subhumid lowland tropics","stom",NA,NA,NA,NA,2,NA,31.7415359357898,NA,185,7.29166666666667,6,100,7.29166666666667,2.31448699531801,3.5,NA,4,1,6,1.8,10,20,3,220,20,5,2,1,3,3,26,3010,269,0,20,2,2,1,5
2022,"202255BCEAR_stom","202255BCEAR_stom",4,4,"2022-August-05","2023-April-10","Santo Tomas. Atlantico, Colombia",NA,"202255BCEAR_stom_rep2_GM11365-2_60",2,60,7,8,"test"," (Operator: lizbethpino, Time: )","GM11365-2","test",10.75,-74.81666667,59,"Atlantico","Colombia","Subhumid lowland tropics","stom",NA,NA,NA,NA,2,NA,29.4083018392542,NA,90,10,6,75,10,2.94083018392542,4.8,NA,4,1,12,3.5,8,20,3,150,20,6,3,1,2,2,26,4300,331,8,15,2,3,1,5
2022,"202255BCEAR_stom","202255BCEAR_stom",4,4,"2022-August-05","2023-April-10","Santo Tomas. Atlantico, Colombia",NA,"202255BCEAR_stom_rep2_GM11365-3_56",2,56,6,5,"test"," (Operator: lizbethpino, Time: )","GM11365-3","test",10.75,-74.81666667,59,"Atlantico","Colombia","Subhumid lowland tropics","stom",NA,NA,NA,NA,3,NA,31.9493613138686,NA,60,12.7083333333333,6,70,12.7083333333333,4.06023133363747,6.1,NA,4,1,13,4.8,8,20,4,170,20,6,3,1,2,3,23,4820,436,2,14,2,3,1,6
2022,"202255BCEAR_stom","202255BCEAR_stom",4,4,"2022-August-05","2023-April-10","Santo Tomas. Atlantico, Colombia",NA,"202255BCEAR_stom_rep2_GM11470-9_43",2,43,3,7,"test"," (Operator: lizbethpino, Time: )","GM11470-9","test",10.75,-74.81666667,59,"Atlantico","Colombia","Subhumid lowland tropics","stom",NA,NA,NA,NA,4,NA,31.2939661798616,NA,60,6.25,6,95,6.25,1.95587288624135,3,NA,4,1,8,1.5,8,20,4,180,20,6,3,1,3,2,23,2850,248,0,19,2,3,1,6
2022,"202255BCEAR_stom","202255BCEAR_stom",4,4,"2022-August-05","2023-April-10","Santo Tomas. Atlantico, Colombia",NA,"202255BCEAR_stom_rep2_GM4486-11_39",2,39,2,6,"test"," (Operator: lizbethpino, Time: )","GM4486-11","test",10.75,-74.81666667,59,"Atlantico","Colombia","Subhumid lowland tropics","stom",NA,NA,NA,NA,0,NA,37.5964864864865,NA,180,8.75,6,100,8.75,3.28969256756757,4.2,NA,3,1,8,1.8,8,20,3,180,20,6,3,1,3,2,33,3990,475,1,20,2,3,1,6
2022,"202255BCEAR_stom","202255BCEAR_stom",4,4,"2022-August-05","2023-April-10","Santo Tomas. Atlantico, Colombia",NA,"202255BCEAR_stom_rep2_GM8560-13_63",2,63,8,6,"test"," (Operator: lizbethpino, Time: )","GM8560-13","test",10.75,-74.81666667,59,"Atlantico","Colombia","Subhumid lowland tropics","stom",NA,NA,NA,NA,1,NA,34.2775335775336,NA,150,8.75,6,95,8.75,2.99928418803419,4.2,NA,4,1,12,2.1,10,20,3,180,30,6,3,1,3,2,38,3650,374,0,19,2,3,1,6
2022,"202255BCEAR_stom","202255BCEAR_stom",4,4,"2022-August-05","2023-April-10","Santo Tomas. Atlantico, Colombia",NA,"202255BCEAR_stom_rep2_GM9404-1_61",2,61,8,8,"test"," (Operator: lizbethpino, Time: )","GM9404-1","test",10.75,-74.81666667,59,"Atlantico","Colombia","Subhumid lowland tropics","stom",NA,NA,NA,NA,2,NA,29.6395833333333,NA,170,9.79166666666667,6,90,9.79166666666667,2.90220920138889,4.7,NA,4,1,12,2.3,10,20,3,230,30,6,3,1,3,3,40,4270,334,1,18,2,3,1,4
2022,"202255BCEAR_stom","202255BCEAR_stom",4,4,"2022-August-05","2023-April-10","Santo Tomas. Atlantico, Colombia",NA,"202255BCEAR_stom_rep2_SM3536-44_34",2,34,1,6,"test"," (Operator: lizbethpino, Time: )","SM3536-44","test",10.75,-74.81666667,59,"Atlantico","Colombia","Subhumid lowland tropics","stom",NA,NA,NA,NA,2,NA,41.0607438016528,NA,110,4.58333333333333,6,75,4.58333333333333,1.88195075757575,2.2,NA,3,1,6,1,6,20,4,170,20,6,3,1,3,2,23,1120,152,0,15,2,3,1,5
2022,"202255BCEAR_stom","202255BCEAR_stom",4,4,"2022-August-05","2023-April-10","Santo Tomas. Atlantico, Colombia",NA,"202255BCEAR_stom_rep2_SM4569-17_53",2,53,6,8,"test"," (Operator: lizbethpino, Time: )","SM4569-17","test",10.75,-74.81666667,59,"Atlantico","Colombia","Subhumid lowland tropics","stom",NA,NA,NA,NA,2,NA,29.3479961832061,NA,100,12.2916666666667,6,100,12.2916666666667,3.60735786418575,5.9,NA,5,1,16,4.1,10,20,3,200,20,6,3,1,3,3,38,4540,348,2,20,2,3,1,6
2022,"202255BCEAR_stom","202255BCEAR_stom",4,4,"2022-August-05","2023-April-10","Santo Tomas. Atlantico, Colombia",NA,"202255BCEAR_stom_rep2_SM4850-8_52",2,52,5,8,"test"," (Operator: lizbethpino, Time: )","SM4850-8","test",10.75,-74.81666667,59,"Atlantico","Colombia","Subhumid lowland tropics","stom",NA,NA,NA,NA,4,NA,33.2765518803806,NA,110,13.3333333333333,6,90,13.3333333333333,4.43687358405075,6.4,NA,4,1,19,5.5,10,20,2,210,20,6,3,1,2,3,36,4890,476,0,18,2,3,1,5
2022,"202255BCEAR_stom","202255BCEAR_stom",4,4,"2022-August-05","2023-April-10","Santo Tomas. Atlantico, Colombia",NA,"202255BCEAR_stom_rep2_SM4891-13_37",2,37,2,8,"test"," (Operator: lizbethpino, Time: )","SM4891-13","test",10.75,-74.81666667,59,"Atlantico","Colombia","Subhumid lowland tropics","stom",NA,NA,NA,NA,3,NA,32.9738917405506,NA,140,10.625,6,100,10.625,3.5034759974335,5.1,NA,3,1,14,3.7,10,20,3,210,20,6,3,1,2,3,29,4740,454,0,20,2,3,1,6
2022,"202255BCEAR_stom","202255BCEAR_stom",4,4,"2022-August-05","2023-April-10","Santo Tomas. Atlantico, Colombia",NA,"202255BCEAR_stom_rep2_SM4897-22_46",2,46,4,7,"test"," (Operator: lizbethpino, Time: )","SM4897-22","test",10.75,-74.81666667,59,"Atlantico","Colombia","Subhumid lowland tropics","stom",NA,NA,NA,NA,2,NA,27.1632209405501,NA,130,13.3333333333333,6,85,13.3333333333333,3.62176279207335,6.4,NA,4,1,14,5,10,20,3,190,30,6,3,1,2,3,27,4820,312,0,17,2,3,1,4
2022,"202255BCEAR_stom","202255BCEAR_stom",4,4,"2022-August-05","2023-April-10","Santo Tomas. Atlantico, Colombia",NA,"202255BCEAR_stom_rep2_SM4922-6_54",2,54,6,7,"test"," (Operator: lizbethpino, Time: )","SM4922-6","test",10.75,-74.81666667,59,"Atlantico","Colombia","Subhumid lowland tropics","stom",NA,NA,NA,NA,1,NA,29.6488784618905,NA,150,11.4583333333333,6,100,11.4583333333333,3.39726732375829,5.5,NA,4,1,11,2.5,10,20,3,200,30,6,3,1,3,3,41,4740,371,5,20,2,2,1,6
2022,"202255BCEAR_stom","202255BCEAR_stom",4,4,"2022-August-05","2023-April-10","Santo Tomas. Atlantico, Colombia",NA,"202255BCEAR_stom_rep2_SM4952-5_50",2,50,5,6,"test"," (Operator: lizbethpino, Time: )","SM4952-5","test",10.75,-74.81666667,59,"Atlantico","Colombia","Subhumid lowland tropics","stom",NA,NA,NA,NA,3,NA,27.4108297742526,NA,90,12.5,6,100,12.5,3.42635372178157,6,NA,4,1,14,3.5,10,20,2,190,20,6,3,1,3,3,34,3510,232,9,20,2,3,1,5
2022,"202255BCEAR_stom","202255BCEAR_stom",4,4,"2022-August-05","2023-April-10","Santo Tomas. Atlantico, Colombia",NA,"202255BCEAR_stom_rep2_SM4955-23_64",2,64,8,5,"test"," (Operator: lizbethpino, Time: )","SM4955-23","test",10.75,-74.81666667,59,"Atlantico","Colombia","Subhumid lowland tropics","stom",NA,NA,NA,NA,0,NA,26.9484427141268,NA,260,10.625,6,100,10.625,2.86327203837597,5.1,NA,5,1,16,3,10,20,1,260,30,6,3,1,2,2,48,4800,305,9,20,2,2,1,6
2022,"202255BCEAR_stom","202255BCEAR_stom",4,4,"2022-August-05","2023-April-10","Santo Tomas. Atlantico, Colombia",NA,"202255BCEAR_stom_rep2_SM4956-10_44",2,44,3,8,"test"," (Operator: lizbethpino, Time: )","SM4956-10","test",10.75,-74.81666667,59,"Atlantico","Colombia","Subhumid lowland tropics","stom",NA,NA,NA,NA,3,NA,27.9814049586777,NA,110,3.75,6,75,3.75,1.04930268595041,1.8,NA,3,1,4,0.9,10,20,3,190,30,5,3,1,4,2,10,1560,108,0,15,2,3,1,5
2022,"202255BCEAR_stom","202255BCEAR_stom",4,4,"2022-August-05","2023-April-10","Santo Tomas. Atlantico, Colombia",NA,"202255BCEAR_stom_rep2_SM4957-2_40",2,40,2,5,"test"," (Operator: lizbethpino, Time: )","SM4957-2","test",10.75,-74.81666667,59,"Atlantico","Colombia","Subhumid lowland tropics","stom",NA,NA,NA,NA,3,NA,26.6125398851308,NA,30,7.29166666666667,6,95,7.29166666666667,1.94049769995745,3.5,NA,3,1,9,2,8,20,4,180,20,6,2,1,2,3,27,3340,206,0,19,2,3,1,4
2022,"202255BCEAR_stom","202255BCEAR_stom",4,4,"2022-August-05","2023-April-10","Santo Tomas. Atlantico, Colombia",NA,"202255BCEAR_stom_rep2_SM4963-25_62",2,62,8,7,"test"," (Operator: lizbethpino, Time: )","SM4963-25","test",10.75,-74.81666667,59,"Atlantico","Colombia","Subhumid lowland tropics","stom",NA,NA,NA,NA,2,NA,33.2140997433076,NA,130,6.66666666666667,6,95,6.66666666666667,2.21427331622051,3.2,NA,4,2,8,2.3,10,20,3,220,30,6,3,1,3,3,18,3020,293,2,19,2,3,1,5
2022,"202255BCEAR_stom","202255BCEAR_stom",4,4,"2022-August-05","2023-April-10","Santo Tomas. Atlantico, Colombia",NA,"202255BCEAR_stom_rep2_SM4989-6_33",2,33,1,5,"test"," (Operator: lizbethpino, Time: )","SM4989-6","test",10.75,-74.81666667,59,"Atlantico","Colombia","Subhumid lowland tropics","stom",NA,NA,NA,NA,0,NA,29.9466447848285,NA,240,3.54166666666667,6,100,3.54166666666667,1.06061033612934,1.7,NA,4,1,3,0.5,10,20,3,240,10,6,3,1,3,2,24,1490,119,0,20,2,2,1,5
2022,"202255BCEAR_stom","202255BCEAR_stom",4,4,"2022-August-05","2023-April-10","Santo Tomas. Atlantico, Colombia",NA,"202255BCEAR_stom_rep2_SM4993-9_41",2,41,3,5,"test"," (Operator: lizbethpino, Time: )","SM4993-9","test",10.75,-74.81666667,59,"Atlantico","Colombia","Subhumid lowland tropics","stom",NA,NA,NA,NA,3,NA,30.8630434782609,NA,160,13.9583333333333,6,80,13.9583333333333,4.30796648550725,6.7,NA,4,1,18,3.8,10,20,3,200,30,6,3,1,3,3,50,4850,411,0,16,2,3,1,5
2022,"202255BCEAR_stom","202255BCEAR_stom",4,4,"2022-August-05","2023-April-10","Santo Tomas. Atlantico, Colombia",NA,"202255BCEAR_stom_rep2_SM5008-25_47",2,47,4,6,"test"," (Operator: lizbethpino, Time: )","SM5008-25","test",10.75,-74.81666667,59,"Atlantico","Colombia","Subhumid lowland tropics","stom",NA,NA,NA,NA,3,NA,30.2924576271186,NA,60,6.875,6,100,6.875,2.0826064618644,3.3,NA,4,1,8,1.8,8,20,4,170,20,6,3,1,3,3,28,2570,210,2,20,2,3,1,5
2022,"202255BCEAR_stom","202255BCEAR_stom",4,4,"2022-August-05","2023-April-10","Santo Tomas. Atlantico, Colombia",NA,"202255BCEAR_stom_rep3_GM10299-1_77",3,77,4,12,"test"," (Operator: lizbethpino, Time: )","GM10299-1","test",10.75,-74.81666667,59,"Atlantico","Colombia","Subhumid lowland tropics","stom",NA,NA,NA,NA,3,NA,26.6295119705341,NA,70,15.8333333333333,6,50,15.8333333333333,4.21633939533456,7.6,NA,4,1,20,4.7,10,20,3,180,30,6,3,1,2,3,47,4630,286,0,10,2,3,1,4
2022,"202255BCEAR_stom","202255BCEAR_stom",4,4,"2022-August-05","2023-April-10","Santo Tomas. Atlantico, Colombia",NA,"202255BCEAR_stom_rep3_GM11213-2_78",3,78,4,11,"test"," (Operator: lizbethpino, Time: )","GM11213-2","test",10.75,-74.81666667,59,"Atlantico","Colombia","Subhumid lowland tropics","stom",NA,NA,NA,NA,2,NA,32.0872168284789,NA,120,14.5833333333333,6,75,14.5833333333333,4.67938578748651,7,NA,3,1,17,5.4,10,20,2,190,20,6,3,1,2,3,37,4760,434,0,15,2,1,1,6
2022,"202255BCEAR_stom","202255BCEAR_stom",4,4,"2022-August-05","2023-April-10","Santo Tomas. Atlantico, Colombia",NA,"202255BCEAR_stom_rep3_GM11319-3_66",3,66,1,10,"test"," (Operator: lizbethpino, Time: )","GM11319-3","test",10.75,-74.81666667,59,"Atlantico","Colombia","Subhumid lowland tropics","stom",NA,NA,NA,NA,2,NA,33.5177419354839,NA,140,6.45833333333333,6,100,6.45833333333333,2.1646875,3.1,NA,4,1,6,0.9,10,20,3,170,10,6,2,1,3,2,31,2820,278,0,20,2,3,1,5
2022,"202255BCEAR_stom","202255BCEAR_stom",4,4,"2022-August-05","2023-April-10","Santo Tomas. Atlantico, Colombia",NA,"202255BCEAR_stom_rep3_GM11365-3_82",3,82,5,10,"test"," (Operator: lizbethpino, Time: )","GM11365-3","test",10.75,-74.81666667,59,"Atlantico","Colombia","Subhumid lowland tropics","stom",NA,NA,NA,NA,3,NA,30.9970087385167,NA,70,15.8333333333333,6,80,15.8333333333333,4.90785971693181,7.6,NA,4,1,21,6.8,10,20,4,150,20,6,3,1,2,3,34,4880,417,1,16,2,3,1,4
2022,"202255BCEAR_stom","202255BCEAR_stom",4,4,"2022-August-05","2023-April-10","Santo Tomas. Atlantico, Colombia",NA,"202255BCEAR_stom_rep3_GM11470-9_91",3,91,7,11,"test"," (Operator: lizbethpino, Time: )","GM11470-9","test",10.75,-74.81666667,59,"Atlantico","Colombia","Subhumid lowland tropics","stom",NA,NA,NA,NA,5,NA,28.7774845458868,NA,30,5.20833333333333,6,100,5.20833333333333,1.49882732009827,2.5,NA,3,1,7,1.6,8,20,4,170,20,6,3,1,3,2,20,2270,167,1,20,2,2,1,6
2022,"202255BCEAR_stom","202255BCEAR_stom",4,4,"2022-August-05","2023-April-10","Santo Tomas. Atlantico, Colombia",NA,"202255BCEAR_stom_rep3_GM4486-11_73",3,73,3,9,"test"," (Operator: lizbethpino, Time: )","GM4486-11","test",10.75,-74.81666667,59,"Atlantico","Colombia","Subhumid lowland tropics","stom",NA,NA,NA,NA,0,NA,30.6777985074627,NA,160,13.5416666666667,6,55,13.5416666666667,4.15428521455224,6.5,NA,4,1,17,4.3,10,20,3,160,20,6,3,1,3,3,41,4680,392,0,11,2,3,1,5
2022,"202255BCEAR_stom","202255BCEAR_stom",4,4,"2022-August-05","2023-April-10","Santo Tomas. Atlantico, Colombia",NA,"202255BCEAR_stom_rep3_GM8560-13_69",3,69,2,12,"test"," (Operator: lizbethpino, Time: )","GM8560-13","test",10.75,-74.81666667,59,"Atlantico","Colombia","Subhumid lowland tropics","stom",NA,NA,NA,NA,2,NA,32.3945805266381,NA,120,7.91666666666667,6,95,7.91666666666667,2.56457095835885,3.8,NA,3,1,6,1.6,10,20,2,170,30,6,3,1,3,3,32,3600,334,1,19,2,3,1,5
2022,"202255BCEAR_stom","202255BCEAR_stom",4,4,"2022-August-05","2023-April-10","Santo Tomas. Atlantico, Colombia",NA,"202255BCEAR_stom_rep3_GM9404-1_89",3,89,7,9,"test"," (Operator: lizbethpino, Time: )","GM9404-1","test",10.75,-74.81666667,59,"Atlantico","Colombia","Subhumid lowland tropics","stom",NA,NA,NA,NA,3,NA,29.4594947522577,NA,150,10.4166666666667,6,90,10.4166666666667,3.06869737002684,5,NA,4,1,10,2.1,10,20,3,220,20,6,3,1,2,3,46,4440,343,7,18,2,3,1,5
2022,"202255BCEAR_stom","202255BCEAR_stom",4,4,"2022-August-05","2023-April-10","Santo Tomas. Atlantico, Colombia",NA,"202255BCEAR_stom_rep3_SM3536-44_70",3,70,2,11,"test"," (Operator: lizbethpino, Time: )","SM3536-44","test",10.75,-74.81666667,59,"Atlantico","Colombia","Subhumid lowland tropics","stom",NA,NA,NA,NA,2,NA,28.2838664361357,NA,100,13.9583333333333,6,55,13.9583333333333,3.94795635671061,6.7,NA,3,1,24,4.8,10,20,3,200,20,6,3,1,3,3,52,4980,353,1,11,2,3,1,5
2022,"202255BCEAR_stom","202255BCEAR_stom",4,4,"2022-August-05","2023-April-10","Santo Tomas. Atlantico, Colombia",NA,"202255BCEAR_stom_rep3_SM4569-17_95",3,95,8,10,"test"," (Operator: lizbethpino, Time: )","SM4569-17","test",10.75,-74.81666667,59,"Atlantico","Colombia","Subhumid lowland tropics","stom",NA,NA,NA,NA,2,NA,28.7789648389476,NA,120,11.875,6,100,11.875,3.41750207462503,5.7,NA,4,1,15,3.4,10,20,2,220,20,6,3,1,2,3,37,4390,323,6,20,2,3,1,6
2022,"202255BCEAR_stom","202255BCEAR_stom",4,4,"2022-August-05","2023-April-10","Santo Tomas. Atlantico, Colombia",NA,"202255BCEAR_stom_rep3_SM4850-8_76",3,76,3,12,"test"," (Operator: lizbethpino, Time: )","SM4850-8","test",10.75,-74.81666667,59,"Atlantico","Colombia","Subhumid lowland tropics","stom",NA,NA,NA,NA,3,NA,32.1811926605504,NA,140,9.79166666666667,6,100,9.79166666666667,3.15107511467889,4.7,NA,4,1,12,3.5,10,20,2,210,20,6,3,1,2,3,31,4320,396,0,20,1,3,1,6
2022,"202255BCEAR_stom","202255BCEAR_stom",4,4,"2022-August-05","2023-April-10","Santo Tomas. Atlantico, Colombia",NA,"202255BCEAR_stom_rep3_SM4891-13_74",3,74,3,10,"test"," (Operator: lizbethpino, Time: )","SM4891-13","test",10.75,-74.81666667,59,"Atlantico","Colombia","Subhumid lowland tropics","stom",NA,NA,NA,NA,2,NA,30.7024092258506,NA,120,13.3333333333333,6,95,13.3333333333333,4.09365456344675,6.4,NA,3,1,18,4.5,10,20,3,170,20,6,3,1,2,3,35,4780,401,0,19,2,3,1,5
2022,"202255BCEAR_stom","202255BCEAR_stom",4,4,"2022-August-05","2023-April-10","Santo Tomas. Atlantico, Colombia",NA,"202255BCEAR_stom_rep3_SM4922-6_85",3,85,6,12,"test"," (Operator: lizbethpino, Time: )","SM4922-6","test",10.75,-74.81666667,59,"Atlantico","Colombia","Subhumid lowland tropics","stom",NA,NA,NA,NA,3,NA,25.7933116660965,NA,140,9.375,6,85,9.375,2.41812296869655,4.5,NA,4,1,11,2.3,10,20,3,230,30,6,3,1,2,2,44,3100,177,9,17,2,2,1,5
2022,"202255BCEAR_stom","202255BCEAR_stom",4,4,"2022-August-05","2023-April-10","Santo Tomas. Atlantico, Colombia",NA,"202255BCEAR_stom_rep3_SM4952-5_67",3,67,1,11,"test"," (Operator: lizbethpino, Time: )","SM4952-5","test",10.75,-74.81666667,59,"Atlantico","Colombia","Subhumid lowland tropics","stom",NA,NA,NA,NA,3,NA,31.7104203935599,NA,110,13.125,6,100,13.125,4.16199267665474,6.3,NA,4,1,21,4.7,10,20,3,200,20,6,3,1,3,3,40,4910,438,10,20,2,3,1,6
2022,"202255BCEAR_stom","202255BCEAR_stom",4,4,"2022-August-05","2023-April-10","Santo Tomas. Atlantico, Colombia",NA,"202255BCEAR_stom_rep3_SM4955-23_87",3,87,6,10,"test"," (Operator: lizbethpino, Time: )","SM4955-23","test",10.75,-74.81666667,59,"Atlantico","Colombia","Subhumid lowland tropics","stom",NA,NA,NA,NA,0,NA,27.3838717120443,NA,250,13.5416666666667,6,80,13.5416666666667,3.70823262767267,6.5,NA,4,1,14,3.5,10,20,2,250,30,6,3,1,2,3,44,4640,306,0,16,2,3,1,6
2022,"202255BCEAR_stom","202255BCEAR_stom",4,4,"2022-August-05","2023-April-10","Santo Tomas. Atlantico, Colombia",NA,"202255BCEAR_stom_rep3_SM4956-10_75",3,75,3,11,"test"," (Operator: lizbethpino, Time: )","SM4956-10","test",10.75,-74.81666667,59,"Atlantico","Colombia","Subhumid lowland tropics","stom",NA,NA,NA,NA,3,NA,27.4795887047268,NA,100,8.95833333333333,6,85,8.95833333333333,2.46171315479844,4.3,NA,3,1,11,3,10,20,3,180,20,6,3,1,3,3,31,3490,232,0,17,2,3,1,6
2022,"202255BCEAR_stom","202255BCEAR_stom",4,4,"2022-August-05","2023-April-10","Santo Tomas. Atlantico, Colombia",NA,"202255BCEAR_stom_rep3_SM4957-2_92",3,92,7,12,"test"," (Operator: lizbethpino, Time: )","SM4957-2","test",10.75,-74.81666667,59,"Atlantico","Colombia","Subhumid lowland tropics","stom",NA,NA,NA,NA,4,NA,26.0374787919918,NA,90,7.08333333333333,6,95,7.08333333333333,1.84432141443275,3.4,NA,4,1,10,2.4,10,20,3,190,20,6,1,1,2,3,26,3130,183,12,19,2,3,1,5
2022,"202255BCEAR_stom","202255BCEAR_stom",4,4,"2022-August-05","2023-April-10","Santo Tomas. Atlantico, Colombia",NA,"202255BCEAR_stom_rep3_SM4963-25_90",3,90,7,10,"test"," (Operator: lizbethpino, Time: )","SM4963-25","test",10.75,-74.81666667,59,"Atlantico","Colombia","Subhumid lowland tropics","stom",NA,NA,NA,NA,4,NA,31.7916603391546,NA,50,10,6,90,10,3.17916603391546,4.8,NA,4,1,11,3.6,10,20,2,190,20,6,3,1,3,3,22,4340,389,2,18,2,3,1,5
2022,"202255BCEAR_stom","202255BCEAR_stom",4,4,"2022-August-05","2023-April-10","Santo Tomas. Atlantico, Colombia",NA,"202255BCEAR_stom_rep3_SM4989-6_65",3,65,1,9,"test"," (Operator: lizbethpino, Time: )","SM4989-6","test",10.75,-74.81666667,59,"Atlantico","Colombia","Subhumid lowland tropics","stom",NA,NA,NA,NA,3,NA,29.9228693181818,NA,165,10.4166666666667,6,70,10.4166666666667,3.11696555397727,5,NA,4,1,16,3.6,10,20,2,240,40,6,3,1,3,3,28,4590,366,0,14,2,3,1,4
2022,"202255BCEAR_stom","202255BCEAR_stom",4,4,"2022-August-05","2023-April-10","Santo Tomas. Atlantico, Colombia",NA,"202255BCEAR_stom_rep3_SM4993-9_86",3,86,6,11,"test"," (Operator: lizbethpino, Time: )","SM4993-9","test",10.75,-74.81666667,59,"Atlantico","Colombia","Subhumid lowland tropics","stom",NA,NA,NA,NA,4,NA,27.5860680721361,NA,50,11.4583333333333,6,80,11.4583333333333,3.16090363326559,5.5,NA,4,1,12,4,10,20,3,210,20,6,3,1,2,3,28,4220,283,2,16,2,2,1,5
2022,"202255BCEAR_stom","202255BCEAR_stom",4,4,"2022-August-05","2023-April-10","Santo Tomas. Atlantico, Colombia",NA,"202255BCEAR_stom_rep3_SM5008-25_68",3,68,1,12,"test","Flecos (Operator: lizbethpino, Time: ),  (Operator: lizbethpino, Time: )","SM5008-25","test",10.75,-74.81666667,59,"Atlantico","Colombia","Subhumid lowland tropics","stom",NA,NA,NA,NA,2,NA,30.0165364583333,NA,140,3.95833333333333,6,100,3.95833333333333,1.18815456814236,1.9,NA,4,1,8,1.5,10,20,3,230,20,6,3,1,3,2,14,1670,134,0,20,2,3,1,5
2022,"202255BCEAR_stom","202255BCEAR_stom",4,4,"2022-August-05","2023-April-10","Santo Tomas. Atlantico, Colombia","Caiseli,Caiselli,CAISELLI","202255BCEAR_stom_rep3_SMB2446-2_80",3,80,4,9,"test"," (Operator: lizbethpino, Time: )","SMB2446-2_is_Caiseli","check_released",10.75,-74.81666667,59,"Atlantico","Colombia","Subhumid lowland tropics","stom",NA,NA,NA,NA,0,NA,34.7449549549549,NA,200,28.125,6,20,28.125,9.77201858108106,13.5,NA,3,1,31,11.5,10,20,2,200,30,6,3,1,1,3,46,4960,520,3,4,1,3,1,1
2022,"202255BCEAR_stom","202255BCEAR_stom",4,4,"2022-August-05","2023-April-10","Santo Tomas. Atlantico, Colombia","Caiseli,Caiselli,CAISELLI","202255BCEAR_stom_rep3_SMB2446-2_94",3,94,8,11,"test"," (Operator: lizbethpino, Time: )","SMB2446-2_is_Caiseli","check_released",10.75,-74.81666667,59,"Atlantico","Colombia","Subhumid lowland tropics","stom",NA,NA,NA,NA,0,NA,33.49954480115,NA,160,13.125,6,95,13.125,4.39681525515094,6.3,NA,4,1,14,4,10,20,2,160,30,6,3,1,2,2,33,4630,456,12,19,2,3,1,1
2022,"202255BCEAR_stom","202255BCEAR_stom",4,4,"2022-August-05","2023-April-10","Santo Tomas. Atlantico, Colombia",NA,"202255BCEAR_stom_rep1_CG1141-1_14",1,14,4,3,"check"," (Operator: lizbethpino, Time: )","CG1141-1_is_Costena","check_released",10.75,-74.81666667,59,"Atlantico","Colombia","Subhumid lowland tropics","stom",NA,NA,NA,NA,0,NA,34.1159885714286,NA,130,27.9166666666667,6,80,27.9166666666667,9.52404680952382,13.4,NA,4,1,22,8.2,8,20,3,130,30,6,3,1,2,3,7,4870,495,7,16,1,2,1,1
2022,"202255BCEAR_stom","202255BCEAR_stom",4,4,"2022-August-05","2023-April-10","Santo Tomas. Atlantico, Colombia",NA,"202255BCEAR_stom_rep1_CG1141-1_22",1,22,6,3,"check"," (Operator: lizbethpino, Time: )","CG1141-1_is_Costena","check_released",10.75,-74.81666667,59,"Atlantico","Colombia","Subhumid lowland tropics","stom",NA,NA,NA,NA,0,NA,35.3411141181777,NA,150,25,6,90,25,8.83527852954442,12,NA,4,1,32,9,10,20,3,150,20,6,3,1,1,3,63,4970,536,0,18,1,2,1,1
2022,"202255BCEAR_stom","202255BCEAR_stom",4,4,"2022-August-05","2023-April-10","Santo Tomas. Atlantico, Colombia",NA,"202255BCEAR_stom_rep1_CM4919-1_4",1,4,1,4,"check"," (Operator: lizbethpino, Time: )","CM4919-1_is_Veronica","check_released",10.75,-74.81666667,59,"Atlantico","Colombia","Subhumid lowland tropics","stom",NA,NA,NA,NA,0,NA,31.4159514925373,NA,100,11.0416666666667,6,100,11.0416666666667,3.46884464396766,5.3,NA,4,1,15,3.6,6,20,4,100,20,6,3,1,2,3,37,4700,412,2,20,2,2,1,3
2022,"202255BCEAR_stom","202255BCEAR_stom",4,4,"2022-August-05","2023-April-10","Santo Tomas. Atlantico, Colombia",NA,"202255BCEAR_stom_rep1_COL2215_12",1,12,3,4,"check"," (Operator: lizbethpino, Time: )","COL2215_is_Venezolana","check_released",10.75,-74.81666667,59,"Atlantico","Colombia","Subhumid lowland tropics","stom",NA,NA,NA,NA,4,NA,37.153498273878,NA,50,12.9166666666667,6,85,12.9166666666667,4.79899352704257,6.2,NA,4,1,10,4.2,8,20,4,160,20,6,3,1,2,3,31,4920,575,0,17,2,3,1,2
2022,"202255BCEAR_stom","202255BCEAR_stom",4,4,"2022-August-05","2023-April-10","Santo Tomas. Atlantico, Colombia",NA,"202255BCEAR_stom_rep1_COL2215_32",1,32,8,1,"check"," (Operator: lizbethpino, Time: )","COL2215_is_Venezolana","check_released",10.75,-74.81666667,59,"Atlantico","Colombia","Subhumid lowland tropics","stom",NA,NA,NA,NA,4,NA,33.875553505535,NA,50,16.6666666666667,6,70,16.6666666666667,5.64592558425583,8,NA,3,2,17,6,10,20,3,130,20,6,3,1,2,3,43,4820,484,6,14,2,3,1,1
2022,"202255BCEAR_stom","202255BCEAR_stom",4,4,"2022-August-05","2023-April-10","Santo Tomas. Atlantico, Colombia",NA,"202255BCEAR_stom_rep1_GM3426-5_5",1,5,2,4,"check"," (Operator: lizbethpino, Time: )","GM3426-5","test",10.75,-74.81666667,59,"Atlantico","Colombia","Subhumid lowland tropics","stom",NA,NA,NA,NA,0,NA,32.9973254759746,NA,170,7.70833333333333,6,100,7.70833333333333,2.54354383877304,3.7,NA,3,1,5,1.1,10,20,2,170,20,6,3,1,3,3,37,3660,351,0,20,2,3,1,5
2022,"202255BCEAR_stom","202255BCEAR_stom",4,4,"2022-August-05","2023-April-10","Santo Tomas. Atlantico, Colombia",NA,"202255BCEAR_stom_rep1_GM3426-5_7",1,7,2,2,"check"," (Operator: lizbethpino, Time: )","GM3426-5","test",10.75,-74.81666667,59,"Atlantico","Colombia","Subhumid lowland tropics","stom",NA,NA,NA,NA,1,NA,30.305467372134,NA,160,23.9583333333333,6,40,23.9583333333333,7.26068489124044,11.5,NA,4,1,20,6.8,10,20,2,220,30,6,3,1,2,3,53,4940,404,0,8,2,3,1,5
2022,"202255BCEAR_stom","202255BCEAR_stom",4,4,"2022-August-05","2023-April-10","Santo Tomas. Atlantico, Colombia","Caiseli,Caiselli,CAISELLI","202255BCEAR_stom_rep1_SMB2446-2_9",1,9,3,1,"check"," (Operator: lizbethpino, Time: )","SMB2446-2_is_Caiseli","check_released",10.75,-74.81666667,59,"Atlantico","Colombia","Subhumid lowland tropics","stom",NA,NA,NA,NA,0,NA,37.4652414486921,NA,170,12.0833333333333,6,80,12.0833333333333,4.52705000838363,5.8,NA,3,1,14,4.8,8,20,3,170,30,6,3,1,2,3,30,4510,534,10,16,1,3,1,1
2022,"202255BCEAR_stom","202255BCEAR_stom",4,4,"2022-August-05","2023-April-10","Santo Tomas. Atlantico, Colombia","Tai8","202255BCEAR_stom_rep1_TAI8_20",1,20,5,4,"check"," (Operator: lizbethpino, Time: )","TAI8_is_TAI","check_released",10.75,-74.81666667,59,"Atlantico","Colombia","Subhumid lowland tropics","stom",NA,NA,NA,NA,2,NA,34.0496613449444,NA,80,21.875,6,95,21.875,7.44836341920659,10.5,NA,4,1,23,8,10,20,3,170,20,6,1,2,1,3,53,4600,466,0,19,1,2,1,3
2022,"202255BCEAR_stom","202255BCEAR_stom",4,4,"2022-August-05","2023-April-10","Santo Tomas. Atlantico, Colombia",NA,"202255BCEAR_stom_rep2_CG1141-1_35",2,35,1,7,"check"," (Operator: lizbethpino, Time: )","CG1141-1_is_Costena","check_released",10.75,-74.81666667,59,"Atlantico","Colombia","Subhumid lowland tropics","stom",NA,NA,NA,NA,0,NA,36.7790165077889,NA,140,19.5833333333333,6,100,19.5833333333333,7.20255739944199,9.4,NA,2,1,22,6.5,8,20,4,140,30,6,3,1,2,2,45,4860,559,0,20,1,2,1,1
2022,"202255BCEAR_stom","202255BCEAR_stom",4,4,"2022-August-05","2023-April-10","Santo Tomas. Atlantico, Colombia",NA,"202255BCEAR_stom_rep2_CG1141-1_48",2,48,4,5,"check"," (Operator: lizbethpino, Time: )","CG1141-1_is_Costena","check_released",10.75,-74.81666667,59,"Atlantico","Colombia","Subhumid lowland tropics","stom",NA,NA,NA,NA,0,NA,36.9901635620172,NA,130,16.25,6,100,16.25,6.01090157882779,7.8,NA,3,1,25,5.5,8,20,3,130,30,6,3,1,2,2,51,4980,578,0,20,1,2,1,1
2022,"202255BCEAR_stom","202255BCEAR_stom",4,4,"2022-August-05","2023-April-10","Santo Tomas. Atlantico, Colombia",NA,"202255BCEAR_stom_rep2_CM4919-1_36",2,36,1,8,"check"," (Operator: lizbethpino, Time: )","CM4919-1_is_Veronica","check_released",10.75,-74.81666667,59,"Atlantico","Colombia","Subhumid lowland tropics","stom",NA,NA,NA,NA,0,NA,34.8115918556224,NA,95,11.25,6,100,11.25,3.91630408375752,5.4,NA,3,1,16,3.5,6,20,4,95,20,6,3,1,2,3,36,4830,508,0,20,1,3,1,3
2022,"202255BCEAR_stom","202255BCEAR_stom",4,4,"2022-August-05","2023-April-10","Santo Tomas. Atlantico, Colombia",NA,"202255BCEAR_stom_rep2_COL2215_45",2,45,4,8,"check"," (Operator: lizbethpino, Time: )","COL2215_is_Venezolana","check_released",10.75,-74.81666667,59,"Atlantico","Colombia","Subhumid lowland tropics","stom",NA,NA,NA,NA,3,NA,37.9492124160296,NA,80,18.125,6,60,18.125,6.87829475040536,8.7,NA,4,1,16,6.9,10,20,3,160,20,6,3,1,2,3,21,4910,593,0,12,2,3,1,1
2022,"202255BCEAR_stom","202255BCEAR_stom",4,4,"2022-August-05","2023-April-10","Santo Tomas. Atlantico, Colombia",NA,"202255BCEAR_stom_rep2_COL2215_58",2,58,7,6,"check"," (Operator: lizbethpino, Time: )","COL2215_is_Venezolana","check_released",10.75,-74.81666667,59,"Atlantico","Colombia","Subhumid lowland tropics","stom",NA,NA,NA,NA,3,NA,33.2367528665528,NA,60,14.5833333333333,6,100,14.5833333333333,4.84702645970562,7,NA,3,1,21,5.8,8,20,3,130,20,6,3,1,2,3,35,4540,441,1,20,2,3,1,1
2022,"202255BCEAR_stom","202255BCEAR_stom",4,4,"2022-August-05","2023-April-10","Santo Tomas. Atlantico, Colombia",NA,"202255BCEAR_stom_rep2_GM3426-5_38",2,38,2,7,"check"," (Operator: lizbethpino, Time: )","GM3426-5","test",10.75,-74.81666667,59,"Atlantico","Colombia","Subhumid lowland tropics","stom",NA,NA,NA,NA,0,NA,35.0352822580645,NA,200,7.70833333333333,6,100,7.70833333333333,2.7006363407258,3.7,NA,4,1,14,2.8,10,20,3,200,20,6,3,1,3,3,29,3330,354,0,20,3,3,1,6
2022,"202255BCEAR_stom","202255BCEAR_stom",4,4,"2022-August-05","2023-April-10","Santo Tomas. Atlantico, Colombia",NA,"202255BCEAR_stom_rep2_GM3426-5_59",2,59,7,7,"check"," (Operator: lizbethpino, Time: )","GM3426-5","test",10.75,-74.81666667,59,"Atlantico","Colombia","Subhumid lowland tropics","stom",NA,NA,NA,NA,0,NA,29.2980764800737,NA,200,13.3333333333333,6,100,13.3333333333333,3.90641019734316,6.4,NA,4,1,16,4.1,10,20,2,200,30,6,3,1,3,3,34,4700,359,3,20,2,3,1,5
2022,"202255BCEAR_stom","202255BCEAR_stom",4,4,"2022-August-05","2023-April-10","Santo Tomas. Atlantico, Colombia","Caiseli,Caiselli,CAISELLI","202255BCEAR_stom_rep2_SMB2446-2_55",2,55,6,6,"check"," (Operator: lizbethpino, Time: )","SMB2446-2_is_Caiseli","check_released",10.75,-74.81666667,59,"Atlantico","Colombia","Subhumid lowland tropics","stom",NA,NA,NA,NA,0,NA,34.1518518518518,NA,160,17.7083333333333,6,85,17.7083333333333,6.04772376543209,8.5,NA,3,1,28,7.1,0,20,3,160,30,6,3,1,2,3,42,4930,502,7,17,2,2,1,2
2022,"202255BCEAR_stom","202255BCEAR_stom",4,4,"2022-August-05","2023-April-10","Santo Tomas. Atlantico, Colombia","Tai8","202255BCEAR_stom_rep2_TAI8_51",2,51,5,7,"check"," (Operator: lizbethpino, Time: )","TAI8_is_TAI","check_released",10.75,-74.81666667,59,"Atlantico","Colombia","Subhumid lowland tropics","stom",NA,NA,NA,NA,2,NA,34.9134545454545,NA,105,25,6,100,25,8.72836363636362,12,NA,4,1,26,9,10,20,2,150,20,6,1,2,1,3,48,4920,520,0,20,2,2,1,3
2022,"202255BCEAR_stom","202255BCEAR_stom",4,4,"2022-August-05","2023-April-10","Santo Tomas. Atlantico, Colombia",NA,"202255BCEAR_stom_rep3_CG1141-1_72",3,72,2,9,"check"," (Operator: lizbethpino, Time: )","CG1141-1_is_Costena","check_released",10.75,-74.81666667,59,"Atlantico","Colombia","Subhumid lowland tropics","stom",NA,NA,NA,NA,0,NA,37.5460054471176,NA,150,25.4166666666667,6,65,25.4166666666667,9.54294305114239,12.2,NA,4,1,34,10,10,20,2,150,20,6,3,1,1,3,59,5000,594,0,13,1,2,1,1
2022,"202255BCEAR_stom","202255BCEAR_stom",4,4,"2022-August-05","2023-April-10","Santo Tomas. Atlantico, Colombia",NA,"202255BCEAR_stom_rep3_CG1141-1_88",3,88,6,9,"check"," (Operator: lizbethpino, Time: )","CG1141-1_is_Costena","check_released",10.75,-74.81666667,59,"Atlantico","Colombia","Subhumid lowland tropics","stom",NA,NA,NA,NA,0,NA,37.0581937528293,NA,160,27.0833333333333,6,80,27.0833333333333,10.0365941413913,13,NA,4,1,29,10,10,20,2,160,20,6,3,1,2,2,62,5000,582,1,16,1,2,1,1
2022,"202255BCEAR_stom","202255BCEAR_stom",4,4,"2022-August-05","2023-April-10","Santo Tomas. Atlantico, Colombia",NA,"202255BCEAR_stom_rep3_CM4919-1_93",3,93,8,12,"check"," (Operator: lizbethpino, Time: )","CM4919-1_is_Veronica","check_released",10.75,-74.81666667,59,"Atlantico","Colombia","Subhumid lowland tropics","stom",NA,NA,NA,NA,0,NA,32.6299116997792,NA,170,15.4166666666667,6,100,15.4166666666667,5.03044472038263,7.4,NA,4,1,21,5.5,8,20,3,170,30,6,3,1,2,3,38,5000,470,1,20,1,3,1,5
2022,"202255BCEAR_stom","202255BCEAR_stom",4,4,"2022-August-05","2023-April-10","Santo Tomas. Atlantico, Colombia",NA,"202255BCEAR_stom_rep3_COL2215_81",3,81,5,9,"check"," (Operator: lizbethpino, Time: )","COL2215_is_Venezolana","check_released",10.75,-74.81666667,59,"Atlantico","Colombia","Subhumid lowland tropics","stom",NA,NA,NA,NA,3,NA,36.0904772624943,NA,80,14.5833333333333,6,80,14.5833333333333,5.26319460078042,7,NA,4,1,13,5,10,20,3,150,20,6,3,1,2,3,33,5000,558,1,16,2,3,1,1
2022,"202255BCEAR_stom","202255BCEAR_stom",4,4,"2022-August-05","2023-April-10","Santo Tomas. Atlantico, Colombia",NA,"202255BCEAR_stom_rep3_COL2215_83",3,83,5,11,"check"," (Operator: lizbethpino, Time: )","COL2215_is_Venezolana","check_released",10.75,-74.81666667,59,"Atlantico","Colombia","Subhumid lowland tropics","stom",NA,NA,NA,NA,3,NA,35.9072885966901,NA,80,15.4166666666667,6,40,15.4166666666667,5.53570699198972,7.4,NA,4,1,16,5.4,10,20,3,150,20,6,3,1,2,3,40,4960,549,9,8,2,3,1,3
2022,"202255BCEAR_stom","202255BCEAR_stom",4,4,"2022-August-05","2023-April-10","Santo Tomas. Atlantico, Colombia",NA,"202255BCEAR_stom_rep3_GM3426-5_79",3,79,4,10,"check"," (Operator: lizbethpino, Time: )","GM3426-5","test",10.75,-74.81666667,59,"Atlantico","Colombia","Subhumid lowland tropics","stom",NA,NA,NA,NA,3,NA,32.4446266573621,NA,130,11.25,6,75,11.25,3.65002049895324,5.4,NA,4,1,19,4,8,20,3,210,20,6,3,1,3,2,36,4740,441,0,15,2,3,1,6
2022,"202255BCEAR_stom","202255BCEAR_stom",4,4,"2022-August-05","2023-April-10","Santo Tomas. Atlantico, Colombia",NA,"202255BCEAR_stom_rep3_GM3426-5_96",3,96,8,9,"check"," (Operator: lizbethpino, Time: )","GM3426-5","test",10.75,-74.81666667,59,"Atlantico","Colombia","Subhumid lowland tropics","stom",NA,NA,NA,NA,0,NA,30.5594612352168,NA,200,9.58333333333333,6,95,9.58333333333333,2.92861503504161,4.6,NA,4,1,14,3.2,10,20,2,200,30,6,3,1,3,3,30,4150,345,3,19,2,2,1,5
2022,"202255BCEAR_stom","202255BCEAR_stom",4,4,"2022-August-05","2023-April-10","Santo Tomas. Atlantico, Colombia","Caiseli,Caiselli,CAISELLI","202255BCEAR_stom_rep3_SMB2446-2_71",3,71,2,10,"check"," (Operator: lizbethpino, Time: )","SMB2446-2_is_Caiseli","check_released",10.75,-74.81666667,59,"Atlantico","Colombia","Subhumid lowland tropics","stom",NA,NA,NA,NA,0,NA,37.22890625,NA,180,16.25,6,100,16.25,6.049697265625,7.8,NA,4,1,22,5.1,10,20,3,180,20,6,3,2,2,3,59,4930,578,6,20,2,2,1,1
2022,"202255BCEAR_stom","202255BCEAR_stom",4,4,"2022-August-05","2023-April-10","Santo Tomas. Atlantico, Colombia","Tai8","202255BCEAR_stom_rep3_TAI8_84",3,84,5,12,"check"," (Operator: lizbethpino, Time: )","TAI8_is_TAI","check_released",10.75,-74.81666667,59,"Atlantico","Colombia","Subhumid lowland tropics","stom",NA,NA,NA,NA,2,NA,32.8092111160914,NA,85,21.875,6,95,21.875,7.17701493164499,10.5,NA,4,1,29,8.4,8,20,3,130,20,6,1,2,2,3,48,4930,468,1,19,2,2,1,3
